stage_id,group_id,spot_mod,ui_theme,battle_time,mod_value,monster_count,use_intro_scene,wave_repeat,point_data,point_data_fly,background_name,theme,theme_time,stage_info_bg,close_monster_count,mid_monster_count,far_monster_count,target_list/0/name,target_list/0/value,wave_data/0/wave_path,wave_data/0/private_monster_count,wave_data/1/wave_path,wave_data/1/private_monster_count,wave_data/2/wave_path,wave_data/2/private_monster_count,wave_data/3/wave_path,wave_data/3/private_monster_count,wave_data/4/wave_path,wave_data/4/private_monster_count,wave_data/5/wave_path,wave_data/5/private_monster_count,wave_data/6/wave_path,wave_data/6/private_monster_count,wave_data/7/wave_path,wave_data/7/private_monster_count,wave_data/8/wave_path,wave_data/8/private_monster_count,wave_data/9/wave_path,wave_data/9/private_monster_count,wave_data/0/wave_monster_list/0/wave_monster_id,wave_data/0/wave_monster_list/0/spawn_type,wave_data/0/wave_monster_list/1/wave_monster_id,wave_data/0/wave_monster_list/1/spawn_type,wave_data/0/wave_monster_list/2/wave_monster_id,wave_data/0/wave_monster_list/2/spawn_type,wave_data/0/wave_monster_list/3/wave_monster_id,wave_data/0/wave_monster_list/3/spawn_type,wave_data/1/wave_monster_list/0/wave_monster_id,wave_data/1/wave_monster_list/0/spawn_type,wave_data/1/wave_monster_list/1/wave_monster_id,wave_data/1/wave_monster_list/1/spawn_type,wave_data/1/wave_monster_list/2/wave_monster_id,wave_data/1/wave_monster_list/2/spawn_type,wave_data/1/wave_monster_list/3/wave_monster_id,wave_data/1/wave_monster_list/3/spawn_type,wave_data/2/wave_monster_list/0/wave_monster_id,wave_data/2/wave_monster_list/0/spawn_type,wave_data/2/wave_monster_list/1/wave_monster_id,wave_data/2/wave_monster_list/1/spawn_type,wave_data/2/wave_monster_list/2/wave_monster_id,wave_data/2/wave_monster_list/2/spawn_type,wave_data/2/wave_monster_list/3/wave_monster_id,wave_data/2/wave_monster_list/3/spawn_type,wave_data/3/wave_monster_list/0/wave_monster_id,wave_data/3/wave_monster_list/0/spawn_type,wave_data/3/wave_monster_list/1/wave_monster_id,wave_data/3/wave_monster_list/1/spawn_type,wave_data/3/wave_monster_list/2/wave_monster_id,wave_data/3/wave_monster_list/2/spawn_type,wave_data/3/wave_monster_list/3/wave_monster_id,wave_data/3/wave_monster_list/3/spawn_type,wave_data/4/wave_monster_list/0/wave_monster_id,wave_data/4/wave_monster_list/0/spawn_type,wave_data/4/wave_monster_list/1/wave_monster_id,wave_data/4/wave_monster_list/1/spawn_type,wave_data/4/wave_monster_list/2/wave_monster_id,wave_data/4/wave_monster_list/2/spawn_type,wave_data/4/wave_monster_list/3/wave_monster_id,wave_data/4/wave_monster_list/3/spawn_type,wave_data/5/wave_monster_list/0/wave_monster_id,wave_data/5/wave_monster_list/0/spawn_type,wave_data/5/wave_monster_list/1/wave_monster_id,wave_data/5/wave_monster_list/1/spawn_type,wave_data/5/wave_monster_list/2/wave_monster_id,wave_data/5/wave_monster_list/2/spawn_type,wave_data/5/wave_monster_list/3/wave_monster_id,wave_data/5/wave_monster_list/3/spawn_type,wave_data/6/wave_monster_list/0/wave_monster_id,wave_data/6/wave_monster_list/0/spawn_type,wave_data/6/wave_monster_list/1/wave_monster_id,wave_data/6/wave_monster_list/1/spawn_type,wave_data/6/wave_monster_list/2/wave_monster_id,wave_data/6/wave_monster_list/2/spawn_type,wave_data/6/wave_monster_list/3/wave_monster_id,wave_data/6/wave_monster_list/3/spawn_type,wave_data/7/wave_monster_list/0/wave_monster_id,wave_data/7/wave_monster_list/0/spawn_type,wave_data/7/wave_monster_list/1/wave_monster_id,wave_data/7/wave_monster_list/1/spawn_type,wave_data/7/wave_monster_list/2/wave_monster_id,wave_data/7/wave_monster_list/2/spawn_type,wave_data/7/wave_monster_list/3/wave_monster_id,wave_data/7/wave_monster_list/3/spawn_type,wave_data/8/wave_monster_list/0/wave_monster_id,wave_data/8/wave_monster_list/0/spawn_type,wave_data/8/wave_monster_list/1/wave_monster_id,wave_data/8/wave_monster_list/1/spawn_type,wave_data/8/wave_monster_list/2/wave_monster_id,wave_data/8/wave_monster_list/2/spawn_type,wave_data/8/wave_monster_list/3/wave_monster_id,wave_data/8/wave_monster_list/3/spawn_type,wave_data/9/wave_monster_list/0/wave_monster_id,wave_data/9/wave_monster_list/0/spawn_type,wave_data/9/wave_monster_list/1/wave_monster_id,wave_data/9/wave_monster_list/1/spawn_type,wave_data/9/wave_monster_list/2/wave_monster_id,wave_data/9/wave_monster_list/2/spawn_type,wave_data/9/wave_monster_list/3/wave_monster_id,wave_data/9/wave_monster_list/3/spawn_type
6250091,wave_tower_pilgrim_002,Campaign,None,90,0,5,True,False,point_grd_tower_003,point_fly_tower_003,sbg_tower_003,Tower,Pilgrim,ibg_tower_001,6,27,0,target_list,1310030111.0,path_fly_mid_small_018,-1,path_fly_mid_small_005,6,path_grd_close_small_039,-1,path_fly_mid_elite1_802,0,path_fly_mid_small_024,7,,-1,,-1,,-1,,-1,,-1,-2084947185,Dash,-2084947185,Dash,1110010111,Drop,1110010111,Drop,1110010111,Dash,1110010111,Dash,-2084947185,Dash,1310020211,Dash,-1074937185,Dash,-1074937185,Dash,-1074937185,Dash,-2074927185,Dash,-2084947185,Drop,-2084947185,Drop,1110010111,Drop,1310030111,Drop,-2084947185,Jump,-2084947185,Jump,-2084947185,Jump,1210040111,Jump,0,None,0,None,0,None,0,None,0,None,0,None,0,None,0,None,0,None,0,None,0,None,0,None,0,None,0,None,0,None,0,None,0,None,0,None,0,None,0,None
6250092,wave_tower_pilgrim_002,BaseDefense,None,60,normal,6,True,True,point_grd_tower_003_midclear,point_fly_tower_003,sbg_tower_003_midclear,Tower,Pilgrim,ibg_tower_basedefense_001,6,57,0,,,path_grd_close_small_036,-1,path_grd_mid_small_040,-1,path_grd_mid_small_052,-1,path_grd_mid_elite1_802,3,path_grd_mid_small_070,-1,path_grd_mid_special_065,8,path_grd_mid_small_075,5,path_fly_mid_elite2_805,7,,-1,,-1,-2074947185,Dash,-2074947185,Dash,-2074947185,Dash,-2074917185,Dash,1220040111,Dash,1220040111,Dash,1220040111,Dash,-1074947185,Dash,-2074947185,Dash,1220040111,Jump,-2074947185,Dash,1220040111,Jump,1220040111,Jump,1220040111,Jump,-1074947185,Drop,-1974907085,Drop,1220040111,Dash,1220040111,Dash,1220040111,Dash,-1074947185,Jump,2120010111,Dash,2120010111,Dash,-2074947185,Drop,-1074947185,Drop,-2074947185,Jump,-1074947185,Jump,-2074947185,Jump,-1074947185,Jump,-2084947185,Dash,-2084947185,Dash,-2084947185,Drop,1310010111,Drop,0,None,0,None,0,None,0,None,0,None,0,None,0,None,0,None
6250093,wave_tower_pilgrim_002,Campaign,None,90,0,5,True,False,point_grd_tower_001,point_fly_tower_001,sbg_tower_001,Tower,Pilgrim,ibg_tower_001,15,21,0,target_list,1320030111.0,path_grd_close_elite1_801,-1,path_grd_mid_small_043,7,path_fly_mid_small_050,4,path_grd_mid_elite1_802,0,path_grd_close_small_054,6,,-1,,-1,,-1,,-1,,-1,-2074937185,Dash,-2074937185,Dash,-2074927185,Drop,1320030211,Drop,-2074937185,Dash,-2074937185,Dash,-2074937185,Dash,-2074937185,Dash,-1084947185,Drop,-1084947185,Drop,-1084947185,Drop,-1084937185,Drop,-2074937185,Dash,-2074937185,Dash,-2074927185,Drop,1320030111,Drop,-2074937185,Drop,-2074937185,Drop,-2074937185,Drop,-2074927185,Drop,0,None,0,None,0,None,0,None,0,None,0,None,0,None,0,None,0,None,0,None,0,None,0,None,0,None,0,None,0,None,0,None,0,None,0,None,0,None,0,None
6250094,wave_tower_pilgrim_002,Campaign,None,90,0,5,True,False,point_grd_tower_002,point_fly_tower_002,sbg_tower_002,Tower,Pilgrim,ibg_tower_001,21,21,0,target_list,-974907185.0,path_grd_mid_small_002,-1,path_grd_close_elite1_801,7,path_fly_mid_small_050,-1,path_grd_close_small_048,-1,path_grd_mid_elite1_802,0,path_grd_close_small_051,6,,-1,,-1,,-1,,-1,-2074947185,Drop,-2074947185,Drop,1220050111,Dash,1220050111,Dash,-2074947185,Dash,-2074947185,Dash,1220050111,Drop,-974907085,Drop,1210040111,Dash,1210040111,Dash,1210040111,Dash,-1084927185,Drop,1220050111,Jump,1220050111,Jump,1220050111,Jump,1220050111,Jump,-2074947185,Dash,-2074947185,Dash,-2074927185,Drop,-974907185,Drop,1220050111,Jump,1220050111,Jump,1220050111,Jump,1220050111,Jump,0,None,0,None,0,None,0,None,0,None,0,None,0,None,0,None,0,None,0,None,0,None,0,None,0,None,0,None,0,None,0,None
6250095,wave_tower_pilgrim_002,Campaign,None,90,0,7,True,False,point_grd_tower_004,point_fly_tower_004,sbg_tower_004,Tower,Pilgrim,ibg_tower_001,0,27,30,target_list,1320010111.0,path_grd_mid_small_073,-1,path_grd_far_elite1_803,3,path_grd_mid_small_070,6,path_grd_far_small_044,5,path_grd_far_elite1_803,0,path_fly_mid_small_030,10,path_grd_mid_elite1_802,3,path_grd_far_small_044,9,,-1,,-1,-1074897185,Drop,-1074897185,Drop,-1074897185,Drop,-2074927185,Dash,-1074957185,Jump,-1074957185,Jump,-1074897185,Drop,-974947085,Drop,-1074957185,Dash,-1074957185,Dash,-1074957185,Dash,1320010211,Drop,-1074897185,Jump,-2074927185,Jump,-1074897185,Jump,-2074927185,Jump,-1074897185,Dash,-1074897185,Dash,-2074927185,Drop,-974947085,Drop,-1084957185,Drop,-1084957185,Drop,-1084957185,Drop,-1984957085,Drop,-1074957185,Dash,-1074957185,Dash,-1074897185,Drop,1320010111,Drop,-1074897185,Dash,-2074927185,Dash,-1074897185,Dash,-2074927185,Dash,0,None,0,None,0,None,0,None,0,None,0,None,0,None,0,None
6250096,wave_tower_pilgrim_002,Campaign,None,90,0,5,True,False,point_grd_tower_004,point_fly_tower_004,sbg_tower_004,Tower,Pilgrim,ibg_tower_001,6,27,0,target_list,-974897185.0,path_grd_mid_small_002,-1,path_grd_mid_small_011,6,path_fly_mid_small_024,8,path_grd_mid_elite1_802,0,path_grd_close_small_072,8,,-1,,-1,,-1,,-1,,-1,1220010111,Dash,1220010111,Dash,1120010111,Drop,1120010111,Drop,-2074937185,Drop,-2074937185,Drop,-2074937185,Drop,-974957085,Drop,-1084957185,Drop,-1084957185,Drop,-1084957185,Drop,-1084957185,Drop,-2074937185,Dash,-2074937185,Dash,-2074937185,Drop,-974897185,Drop,1220010111,Dash,1220010111,Dash,1220010111,Dash,-1074947185,Dash,0,None,0,None,0,None,0,None,0,None,0,None,0,None,0,None,0,None,0,None,0,None,0,None,0,None,0,None,0,None,0,None,0,None,0,None,0,None,0,None
6250097,wave_tower_pilgrim_002,Campaign,None,90,0,5,True,False,point_grd_tower_003,point_fly_tower_003,sbg_tower_003,Tower,Pilgrim,ibg_tower_001,0,24,21,target_list,-984947185.0,path_grd_far_small_062,-1,path_grd_mid_elite1_802,7,path_fly_mid_small_030,-1,path_fly_mid_elite1_802,0,path_grd_far_special_063,6,,-1,,-1,,-1,,-1,,-1,-2074937185,Dash,-2074937185,Dash,-2074937185,Dash,-2074937185,Dash,-2074937185,Dash,-2074937185,Dash,-2074927185,Drop,-974907085,Drop,-2084957185,Drop,-2084957185,Drop,-2084957185,Drop,-2084957185,Drop,-2084957185,Drop,-2084957185,Drop,-1084937185,Drop,-984947185,Drop,-2074937185,Jump,-2074937185,Jump,-2074937185,Jump,-2074927185,Dash,0,None,0,None,0,None,0,None,0,None,0,None,0,None,0,None,0,None,0,None,0,None,0,None,0,None,0,None,0,None,0,None,0,None,0,None,0,None,0,None
6250098,wave_tower_pilgrim_002,Campaign,None,90,0,5,True,False,point_grd_tower_002,point_fly_tower_002,sbg_tower_002,Tower,Pilgrim,ibg_tower_001,24,12,0,target_list,1310020111.0,path_fly_mid_small_002,-1,path_grd_close_elite1_801,6,path_fly_close_small_029,-1,path_fly_close_elite1_801,0,path_grd_mid_small_052,6,,-1,,-1,,-1,,-1,,-1,-2084957185,Drop,-2084957185,Drop,-1084957185,Drop,-1084957185,Drop,-1074927185,Jump,-1074927185,Jump,-2074927185,Dash,-1974957085,Dash,-1084957185,Drop,-1084957185,Drop,-2084957185,Drop,-2084957185,Drop,-2084957185,Dash,-2084957185,Dash,-1084937185,Drop,1310020111,Drop,-1074927185,Dash,-1074927185,Dash,-1074927185,Dash,-1074927185,Dash,0,None,0,None,0,None,0,None,0,None,0,None,0,None,0,None,0,None,0,None,0,None,0,None,0,None,0,None,0,None,0,None,0,None,0,None,0,None,0,None
6250099,wave_tower_pilgrim_002,Campaign,None,90,0,5,True,False,point_grd_tower_001,point_fly_tower_001,sbg_tower_001,Tower,Pilgrim,ibg_tower_001,0,21,12,target_list,-1974937185.0,path_grd_far_small_003,-1,path_grd_mid_small_070,7,path_fly_mid_small_053,7,path_grd_mid_elite1_802,0,path_grd_far_small_074,7,,-1,,-1,,-1,,-1,,-1,1220030111,Drop,1220030111,Drop,-1074897185,Jump,-1074897185,Jump,1220030111,Dash,1220030111,Dash,1220030111,Dash,-1974937085,Drop,1210020111,Drop,1210020111,Drop,1210020111,Drop,-1084937185,Drop,1220030111,Dash,1220030111,Dash,-1074897185,Drop,-1974937185,Drop,1220030111,Drop,1220030111,Drop,-1074897185,Drop,-2074927185,Dash,0,None,0,None,0,None,0,None,0,None,0,None,0,None,0,None,0,None,0,None,0,None,0,None,0,None,0,None,0,None,0,None,0,None,0,None,0,None,0,None
6250100,wave_tower_pilgrim_002,Campaign,None,180,0,4,False,True,point_grd_cityforestunder_004_midclear,point_fly_cityforestunder_004,sbg_cityforestunder_004_midclear,CityForest,Pilgrim,ibg_cityforestunder_basedefense_001,6,48,1,target_list,-1884947145.0,path_fly_mid_centurion_901,-1,path_grd_mid_small_076,2,path_grd_mid_small_076,-1,path_grd_mid_small_076,-1,path_grd_mid_small_076,-1,path_fly_mid_small_042,3,path_grd_mid_small_075,-1,path_grd_mid_small_075,-1,path_grd_mid_small_075,-1,path_fly_close_small_038,3,-1884947145,Normal,0,None,0,None,0,None,2120010151,Drop,-2074947145,Drop,2120010151,Drop,-2074937145,Drop,-1074907145,Drop,-1074937145,Drop,-1074937145,Drop,-1174957145,Drop,1220030151,Drop,1120010151,Drop,1120010151,Drop,-1074957145,Drop,-1074927145,Drop,-1074927145,Drop,-2074927145,Drop,2120010151,Drop,1210020151,Normal,2110010151,Normal,2110010151,Normal,-1084947145,Drop,-2074947145,Drop,1220040151,Drop,1220040151,Drop,-2074947145,Drop,-1074927145,Drop,1120010151,Drop,2120010151,Drop,-1074897145,Drop,-2074947145,Drop,-2074947145,Drop,-2074947145,Drop,-1074907145,Drop,-1184957145,Dash,-1184957145,Dash,1210020151,Dash,1310040251,Dash
6250101,wave_tower_pilgrim_002,Defense,None,90,20,7,True,True,point_grd_tower_002_rightclear,point_fly_tower_002_rightclear,sbg_tower_002_rightclear,Tower,Pilgrim,ibg_tower_defense_001,30,48,0,,,path_grd_close_small_036,-1,path_grd_mid_small_075,12,path_grd_close_special_064,-1,path_grd_mid_special_025,4,path_grd_mid_small_075,16,path_grd_mid_small_040,-1,path_grd_mid_special_025,9,path_grd_close_elite1_801,19,,-1,,-1,-2074957155,Normal,-2074957155,Normal,-2074957155,Normal,-2074957155,Normal,-1074937155,Drop,-1074937155,Drop,-1074937155,Drop,-1074947155,Drop,1120010141,Dash,1120010141,Dash,-2074957155,Drop,-2074917155,Dash,1120010141,Jump,1120010141,Jump,-2074957155,Drop,-1974917055,Drop,-1074937155,Dash,-1074937155,Dash,-1074937155,Dash,-1074947155,Dash,-2074957155,Drop,-2074957155,Drop,-2074957155,Drop,-1074947155,Drop,1120010141,Dash,1120010141,Dash,-2074957155,Drop,-2074917155,Drop,-1074937155,Jump,-1074937155,Jump,-1074947155,Normal,-974957155,Normal,0,None,0,None,0,None,0,None,0,None,0,None,0,None,0,None
6250102,wave_tower_pilgrim_002,Campaign,None,90,0,5,True,False,point_grd_tower_003,point_fly_tower_003,sbg_tower_003,Tower,Pilgrim,ibg_tower_001,0,18,15,target_list,1320030141.0,path_grd_mid_small_043,-1,path_grd_far_small_071,6,path_fly_mid_small_039,6,path_grd_far_elite1_803,0,path_fly_mid_small_030,-1,,-1,,-1,,-1,,-1,,-1,1220010141,Dash,1220010141,Dash,-1074907155,Jump,-1074907155,Jump,-1074907155,Dash,-1074907155,Dash,-1074907155,Dash,-1974937055,Dash,1210010141,Drop,1210030141,Drop,1210010141,Drop,1210030141,Drop,-1074907155,Jump,-1074907155,Jump,1220010141,Drop,1320030141,Drop,1210030141,Drop,1210030141,Drop,1210030141,Drop,1210030141,Drop,0,None,0,None,0,None,0,None,0,None,0,None,0,None,0,None,0,None,0,None,0,None,0,None,0,None,0,None,0,None,0,None,0,None,0,None,0,None,0,None
6250103,wave_tower_pilgrim_002,Campaign,None,90,0,5,True,False,point_grd_tower_001,point_fly_tower_001,sbg_tower_001,Tower,Pilgrim,ibg_tower_001,0,15,18,target_list,-984957155.0,path_grd_mid_small_037,-1,path_grd_far_small_041,7,path_fly_far_small_031,-1,path_fly_mid_elite2_805,0,path_grd_far_small_044,-1,,-1,,-1,,-1,,-1,,-1,-1074907155,Dash,-2074927155,Dash,-1074907155,Dash,1320040241,Dash,-1074907155,Dash,-1074907155,Dash,-1074907155,Dash,-2074917155,Dash,1210010141,Drop,1210010141,Drop,1210010141,Drop,-1084937155,Drop,1210010141,Jump,1210010141,Jump,-1084937155,Drop,-984957155,Drop,-1074907155,Dash,-2074927155,Dash,-1074907155,Dash,-2074927155,Dash,0,None,0,None,0,None,0,None,0,None,0,None,0,None,0,None,0,None,0,None,0,None,0,None,0,None,0,None,0,None,0,None,0,None,0,None,0,None,0,None
6250104,wave_tower_pilgrim_002,Campaign,None,90,0,5,True,False,point_grd_tower_005,point_fly_tower_005,sbg_tower_005,Tower,Pilgrim,ibg_tower_001,0,18,24,target_list,-974947155.0,path_grd_mid_small_043,-1,path_grd_far_elite1_803,7,path_grd_far_small_044,4,path_grd_mid_small_070,11,path_grd_far_elite1_803,0,path_grd_mid_small_073,5,,-1,,-1,,-1,,-1,-2074937155,Dash,-2074937155,Dash,-2074937155,Dash,-2074937155,Dash,1120010141,Dash,1120010141,Dash,-1074897155,Drop,-974947055,Drop,-2074937155,Dash,-1074897155,Dash,-2074937155,Dash,-1074897155,Dash,1120010141,Jump,1120010141,Jump,1120010141,Jump,-2074927155,Jump,-2074937155,Dash,-2074937155,Dash,-1074897155,Drop,-974947155,Drop,-2074937155,Dash,-2074937155,Dash,-2074937155,Dash,-2074927155,Dash,0,None,0,None,0,None,0,None,0,None,0,None,0,None,0,None,0,None,0,None,0,None,0,None,0,None,0,None,0,None,0,None
6250105,wave_tower_pilgrim_002,Defense,None,90,20,8,True,True,point_grd_tower_002_rightclear,point_fly_tower_002_rightclear,sbg_tower_002_rightclear,Tower,Pilgrim,ibg_tower_defense_001,24,57,0,,,path_fly_close_elite1_801,-1,path_grd_mid_small_040,12,path_grd_mid_small_040,8,path_fly_mid_special_016,7,path_grd_mid_elite2_805,3,path_fly_mid_small_008,-1,path_fly_close_special_044,7,path_grd_mid_small_075,-1,path_fly_mid_elite2_808,5,,-1,1210020141,Normal,1210020141,Normal,1210030141,Dash,1310010241,Dash,-1074917155,Dash,-1074917155,Dash,-1074947155,Normal,-1974927055,Normal,1210020141,Normal,1210020141,Normal,1210020141,Normal,1210020141,Normal,1110010141,Drop,1110010141,Drop,1210020141,Normal,1210020141,Normal,-1074917155,Drop,-1074917155,Drop,-974927155,Drop,-1974927055,Normal,1210020141,Normal,1210020141,Normal,1210020141,Normal,1210020141,Normal,1110010141,Drop,1110010141,Drop,1210020141,Normal,-1984937055,Drop,-1074917155,Drop,-1074917155,Drop,-1074917155,Drop,-1974927055,Normal,1210020141,Normal,1210020141,Normal,-1984947055,Drop,-1984947055,Drop,0,None,0,None,0,None,0,None
6250106,wave_tower_pilgrim_002,Campaign,None,90,0,5,True,False,point_grd_tower_004,point_fly_tower_004,sbg_tower_004,Tower,Pilgrim,ibg_tower_001,6,33,0,target_list,-984947155.0,path_fly_close_small_029,-1,path_grd_mid_small_037,7,path_grd_mid_small_040,7,path_fly_mid_special_016,0,path_grd_mid_small_012,7,,-1,,-1,,-1,,-1,,-1,-1084947155,Drop,-1084947155,Drop,-1084947155,Drop,-1984947055,Drop,-1074957155,Dash,-1074957155,Jump,-1074957155,Dash,1220050141,Jump,-1074957155,Dash,-1074957155,Jump,-1074957155,Dash,1220050141,Jump,-1184957155,Drop,-1184957155,Drop,-1084947155,Drop,-984947155,Drop,-1074957155,Dash,-1074957155,Dash,-1074957155,Dash,-2074927155,Dash,0,None,0,None,0,None,0,None,0,None,0,None,0,None,0,None,0,None,0,None,0,None,0,None,0,None,0,None,0,None,0,None,0,None,0,None,0,None,0,None
6250107,wave_tower_pilgrim_002,Campaign,None,90,0,5,True,False,point_grd_tower_002,point_fly_tower_002,sbg_tower_002,Tower,Pilgrim,ibg_tower_001,30,18,0,target_list,-974917155.0,path_grd_close_small_067,-1,path_grd_mid_small_012,-1,path_grd_mid_small_046,4,path_grd_close_elite1_801,0,path_grd_mid_small_043,6,path_grd_close_special_064,3,,-1,,-1,,-1,,-1,-1074937155,Dash,-1074937155,Dash,-1074937155,Drop,-1974947055,Drop,-1074937155,Dash,-1074937155,Dash,1220050141,Dash,1220050141,Dash,1220050141,Drop,1220050141,Drop,1220050141,Drop,1220050141,Drop,2120010141,Jump,2120010141,Jump,-2074927155,Drop,-974917155,Drop,1220050141,Dash,1220050141,Dash,1220050141,Dash,1220050141,Dash,2120010141,Dash,2120010141,Dash,1220050141,Drop,1220050141,Drop,0,None,0,None,0,None,0,None,0,None,0,None,0,None,0,None,0,None,0,None,0,None,0,None,0,None,0,None,0,None,0,None
6250108,wave_tower_pilgrim_002,Campaign,None,90,0,5,True,False,point_grd_tower_001,point_fly_tower_001,sbg_tower_001,Tower,Pilgrim,ibg_tower_001,21,15,0,target_list,-974927155.0,path_grd_close_small_010,-1,path_grd_mid_elite1_802,6,path_fly_close_small_029,-1,path_grd_close_elite1_801,0,path_grd_mid_small_043,-1,,-1,,-1,,-1,,-1,,-1,-2074957155,Jump,-1074947155,Jump,-2074957155,Jump,-1074947155,Jump,-2074957155,Dash,-2074957155,Dash,-1074947155,Drop,-1974907055,Drop,-2084947155,Dash,-2084947155,Dash,-2084947155,Dash,1210040141,Drop,-2074957155,Dash,-2074957155,Dash,-1074947155,Drop,-974927155,Drop,-2074957155,Dash,-1074947155,Dash,-2074957155,Dash,-1074947155,Dash,0,None,0,None,0,None,0,None,0,None,0,None,0,None,0,None,0,None,0,None,0,None,0,None,0,None,0,None,0,None,0,None,0,None,0,None,0,None,0,None
6250109,wave_tower_pilgrim_002,BaseDefense,None,60,normal,6,True,True,point_grd_tower_003_midclear,point_fly_tower_003,sbg_tower_003_midclear,Tower,Pilgrim,ibg_tower_basedefense_001,12,42,0,,,path_grd_close_small_048,-1,path_grd_mid_small_043,-1,path_grd_mid_small_040,-1,path_grd_mid_elite1_802,3,path_grd_close_small_069,-1,path_fly_mid_small_030,10,path_grd_mid_small_075,5,path_grd_mid_elite1_802,7,,-1,,-1,-1074917155,Drop,-1074917155,Drop,-1074947155,Dash,-1074947155,Dash,-1074917155,Jump,-1074917155,Jump,-1074917155,Jump,-1074917155,Jump,-1074917155,Dash,-1074947155,Dash,-1074917155,Dash,-1074947155,Dash,-1074917155,Dash,-1074917155,Dash,-1074947155,Jump,-1974937055,Jump,-1074917155,Dash,-1074917155,Dash,-1074917155,Dash,-1074947155,Dash,-2084947155,Drop,-2084947155,Drop,-2084947155,Drop,1210040141,Drop,-1074917155,Jump,-1074917155,Jump,-1074917155,Jump,-1074947155,Jump,-1074917155,Dash,-1074917155,Dash,-1074947155,Drop,-1974937155,Drop,0,None,0,None,0,None,0,None,0,None,0,None,0,None,0,None
6250110,wave_tower_pilgrim_002,Campaign,None,180,0,6,False,False,point_grd_landeater_01,point_fly_landeater_01,sbg_iceland_b_001,IceLand,Day,ibg_iceland_001,1,0,0,target_list,-1774957175.0,b_g_landeater_01,-1,,-1,,-1,,-1,,-1,,-1,,-1,,-1,,-1,,-1,-1774957175,Normal,0,None,0,None,0,None,0,None,0,None,0,None,0,None,0,None,0,None,0,None,0,None,0,None,0,None,0,None,0,None,0,None,0,None,0,None,0,None,0,None,0,None,0,None,0,None,0,None,0,None,0,None,0,None,0,None,0,None,0,None,0,None,0,None,0,None,0,None,0,None,0,None,0,None,0,None,0,None
6250111,wave_tower_pilgrim_002,Campaign,None,90,0,5,True,False,point_grd_tower_003,point_fly_tower_003,sbg_tower_003,Tower,Pilgrim,ibg_tower_001,0,24,12,target_list,1320060121.0,path_grd_far_small_059,-1,path_grd_mid_elite1_802,7,path_fly_mid_small_005,-1,path_grd_mid_elite1_802,0,path_grd_far_small_074,6,,-1,,-1,,-1,,-1,,-1,-1074927175,Dash,-1074927175,Dash,-1074927175,Dash,-2074927175,Dash,-1074927175,Drop,-1074927175,Drop,1220050121,Dash,1320060221,Dash,-1084947175,Dash,-1084947175,Dash,-1084947175,Dash,-1084937175,Dash,-1074927175,Dash,-1074927175,Dash,-2074927175,Drop,1320060121,Drop,-1074927175,Dash,-1074927175,Dash,-1074927175,Dash,-2074927175,Dash,0,None,0,None,0,None,0,None,0,None,0,None,0,None,0,None,0,None,0,None,0,None,0,None,0,None,0,None,0,None,0,None,0,None,0,None,0,None,0,None
6250112,wave_tower_pilgrim_002,Campaign,None,90,0,5,True,False,point_grd_tower_001,point_fly_tower_001,sbg_tower_001,Tower,Pilgrim,ibg_tower_001,6,27,0,target_list,1310030121.0,path_fly_mid_small_018,-1,path_fly_mid_small_005,6,path_grd_close_small_039,-1,path_fly_mid_elite1_802,0,path_fly_mid_small_024,7,,-1,,-1,,-1,,-1,,-1,-2084947175,Dash,-2084947175,Dash,1110010121,Drop,1110010121,Drop,1110010121,Dash,1110010121,Dash,-2084947175,Dash,1310020221,Dash,-1074937175,Dash,-1074937175,Dash,-1074937175,Dash,-2074927175,Dash,-2084947175,Drop,-2084947175,Drop,1110010121,Drop,1310030121,Drop,-2084947175,Jump,-2084947175,Jump,-2084947175,Jump,1210040121,Jump,0,None,0,None,0,None,0,None,0,None,0,None,0,None,0,None,0,None,0,None,0,None,0,None,0,None,0,None,0,None,0,None,0,None,0,None,0,None,0,None
6250113,wave_tower_pilgrim_002,Campaign,None,90,0,5,True,False,point_grd_tower_004,point_fly_tower_004,sbg_tower_004,Tower,Pilgrim,ibg_tower_001,0,21,15,target_list,1320030121.0,path_grd_mid_elite1_802,-1,path_grd_far_small_044,7,path_fly_mid_small_053,4,path_grd_far_elite1_803,0,path_grd_mid_small_011,6,,-1,,-1,,-1,,-1,,-1,-2074937175,Jump,-2074937175,Jump,-2074927175,Dash,1320030221,Dash,-2074937175,Dash,-2074937175,Dash,-2074937175,Dash,-2074937175,Dash,-2084957175,Jump,-2084957175,Jump,-2084957175,Jump,-1084937175,Dash,-2074937175,Jump,-2074937175,Jump,-2074927175,Drop,1320030121,Drop,-2074937175,Jump,-2074937175,Jump,-2074937175,Jump,-2074937175,Jump,0,None,0,None,0,None,0,None,0,None,0,None,0,None,0,None,0,None,0,None,0,None,0,None,0,None,0,None,0,None,0,None,0,None,0,None,0,None,0,None
6250114,wave_tower_pilgrim_002,Campaign,None,90,0,5,True,False,point_grd_tower_003,point_fly_tower_003,sbg_tower_003,Tower,Pilgrim,ibg_tower_001,6,33,0,target_list,-984947175.0,path_fly_close_small_029,-1,path_grd_mid_small_037,7,path_grd_mid_small_040,7,path_fly_mid_special_016,0,path_grd_mid_small_012,7,,-1,,-1,,-1,,-1,,-1,-1084947175,Drop,-1084947175,Drop,-1084947175,Drop,-1984947075,Drop,-1074957175,Dash,-1074957175,Jump,-1074957175,Dash,1220050121,Jump,-1074957175,Dash,-1074957175,Jump,-1074957175,Dash,1220050121,Jump,-1184957175,Drop,-1184957175,Drop,-1084947175,Drop,-984947175,Drop,-1074957175,Dash,-1074957175,Dash,-1074957175,Dash,-2074927175,Dash,0,None,0,None,0,None,0,None,0,None,0,None,0,None,0,None,0,None,0,None,0,None,0,None,0,None,0,None,0,None,0,None,0,None,0,None,0,None,0,None
6250115,wave_tower_pilgrim_002,Campaign,None,90,0,5,True,False,point_grd_tower_004,point_fly_tower_004,sbg_tower_004,Tower,Pilgrim,ibg_tower_001,15,27,15,target_list,1310030121.0,path_fly_mid_elite1_802,-1,path_fly_far_small_040,-1,path_fly_close_elite2_807,3,path_fly_mid_elite3_814,0,path_fly_close_small_029,8,path_fly_far_elite1_803,3,path_fly_mid_elite2_808,-1,,-1,,-1,,-1,-2084957175,Dash,-2084957175,Dash,-1984946775,Drop,-1984946775,Drop,-2084957175,Dash,-2084957175,Dash,-1984946775,Dash,-1984946775,Dash,-2084957175,Dash,-2084957175,Dash,-1984946775,Drop,-1984946775,Drop,-2084957175,Dash,-1984946775,Drop,-1984946775,Drop,1310030121,Drop,-2084957175,Drop,-2084957175,Drop,-1984946775,Drop,-1984946775,Drop,-2084957175,Dash,-2084957175,Dash,-1984946775,Drop,-1984937075,Drop,-2084957175,Dash,-2084957175,Dash,-1984946775,Drop,-1984946775,Drop,0,None,0,None,0,None,0,None,0,None,0,None,0,None,0,None,0,None,0,None,0,None,0,None
6250116,wave_tower_pilgrim_002,Campaign,None,90,0,5,True,False,point_grd_tower_004,point_fly_tower_004,sbg_tower_004,Tower,Pilgrim,ibg_tower_001,24,12,0,target_list,1310020121.0,path_fly_mid_small_002,-1,path_grd_close_elite1_801,6,path_fly_close_small_029,-1,path_fly_close_elite1_801,0,path_grd_mid_small_052,6,,-1,,-1,,-1,,-1,,-1,-2084957175,Drop,-2084957175,Drop,-1084957175,Drop,-1084957175,Drop,-1074927175,Jump,-1074927175,Jump,-2074927175,Dash,-1974957075,Dash,-1084957175,Drop,-1084957175,Drop,-2084957175,Drop,-2084957175,Drop,-2084957175,Dash,-2084957175,Dash,-1084937175,Drop,1310020121,Drop,-1074927175,Dash,-1074927175,Dash,-1074927175,Dash,-1074927175,Dash,0,None,0,None,0,None,0,None,0,None,0,None,0,None,0,None,0,None,0,None,0,None,0,None,0,None,0,None,0,None,0,None,0,None,0,None,0,None,0,None
6250117,wave_tower_pilgrim_002,Campaign,None,90,0,5,True,False,point_grd_tower_002,point_fly_tower_002,sbg_tower_002,Tower,Pilgrim,ibg_tower_001,0,60,24,target_list,1310010121.0,path_grd_mid_special_025,-1,path_fly_far_elite1_803,12,path_fly_mid_special_016,-1,path_fly_far_special_045,0,path_grd_mid_special_065,11,path_fly_mid_special_016,7,,-1,,-1,,-1,,-1,1120010121,Jump,1120010121,Jump,1220030121,Drop,1320030221,Drop,1110010121,Dash,1110010121,Dash,1210010121,Drop,1210040121,Drop,1110010121,Drop,1110010121,Drop,1110010121,Drop,1110010121,Drop,1110010121,Drop,1110010121,Drop,-1084937175,Dash,1310010121,Drop,1120010121,Dash,1120010121,Dash,1220030121,Jump,-2074927175,Jump,1110010121,Drop,1110010121,Drop,-1084927175,Drop,-1084927175,Drop,0,None,0,None,0,None,0,None,0,None,0,None,0,None,0,None,0,None,0,None,0,None,0,None,0,None,0,None,0,None,0,None
6250118,wave_tower_pilgrim_002,Defense,None,90,20,7,True,True,point_grd_tower_002_rightclear,point_fly_tower_002_rightclear,sbg_tower_002_rightclear,Tower,Pilgrim,ibg_tower_defense_001,18,51,0,,,path_grd_mid_special_025,-1,path_grd_close_small_048,12,path_grd_mid_small_037,10,path_fly_mid_elite1_802,2,path_grd_close_small_036,10,path_grd_mid_small_043,-1,path_fly_close_small_032,5,path_grd_mid_small_040,-1,path_fly_mid_elite1_802,-1,,-1,-1174957175,Jump,-1174957175,Jump,-1074917175,Dash,-2074927175,Dash,1220050121,Drop,1220050121,Drop,1220050121,Drop,1220050121,Drop,-1074917175,Jump,-1074917175,Jump,-1074917175,Jump,-1074917175,Jump,-2084947175,Drop,-2084947175,Drop,-1084937175,Drop,1310040221,Drop,1220050121,Dash,1220050121,Dash,1220050121,Dash,-2074927175,Dash,-1074917175,Dash,-1074917175,Dash,-1074917175,Dash,-1074917175,Dash,-1084927175,Drop,-1084927175,Drop,-1084927175,Drop,-1084927175,Drop,-1074917175,Dash,-1074917175,Dash,-1074917175,Dash,-2074927175,Dash,-2084947175,Dash,-2084947175,Dash,-1084937175,Normal,-1984947175,Normal,0,None,0,None,0,None,0,None
6250119,wave_tower_pilgrim_002,Campaign,None,90,0,5,True,False,point_grd_tower_003,point_fly_tower_003,sbg_tower_003,Tower,Pilgrim,ibg_tower_001,0,24,12,target_list,-974897175.0,path_grd_mid_small_002,-1,path_grd_mid_elite1_802,7,path_grd_far_small_053,-1,path_grd_mid_elite1_802,0,path_grd_far_small_044,-1,,-1,,-1,,-1,,-1,,-1,-2074937175,Jump,-2074937175,Jump,-2074937175,Dash,-2074927175,Dash,-2074937175,Dash,-2074937175,Dash,-2074937175,Dash,-974897075,Dash,-2074937175,Dash,-2074937175,Dash,-2074937175,Dash,-2074937175,Dash,-2074937175,Dash,-2074937175,Dash,-2074927175,Drop,-974897175,Drop,-2074937175,Dash,-2074937175,Dash,-2074937175,Dash,-2074937175,Dash,0,None,0,None,0,None,0,None,0,None,0,None,0,None,0,None,0,None,0,None,0,None,0,None,0,None,0,None,0,None,0,None,0,None,0,None,0,None,0,None
6250120,wave_tower_pilgrim_002,Campaign,None,180,0,6,False,False,point_grd_tower_003,point_fly_tower_003,sbg_tower_003_midclear,Tower,Pilgrim,ibg_tower_001,6,43,0,target_list,-874937045.0,path_grd_mid_centurion_902,-1,path_grd_mid_small_005,-1,path_grd_mid_elite2_805,-1,path_grd_mid_special_065,3,path_fly_mid_small_039,4,path_grd_close_small_004,8,path_fly_mid_small_036,-1,,-1,,-1,,-1,-874937045,Normal,0,None,0,None,0,None,1220040151,Normal,1220040151,Normal,-1074907145,Normal,-2074917145,Normal,1120010151,Jump,-1074957145,Jump,1120010151,Jump,-1074957145,Drop,-2074957145,Dash,2120010151,Dash,2120010151,Dash,-974917045,Drop,1210030151,Dash,-2084947145,Dash,-2084947145,Dash,-2084947145,Dash,-2074957145,Dash,-1174957145,Dash,-1174957145,Dash,-2074957145,Dash,1210030151,Dash,1210030151,Dash,-1184957145,Dash,1310010251,Dash,0,None,0,None,0,None,0,None,0,None,0,None,0,None,0,None,0,None,0,None,0,None,0,None
6250121,wave_tower_pilgrim_002,Campaign,None,90,0,5,True,False,point_grd_tower_001,point_fly_tower_001,sbg_tower_001,Tower,Pilgrim,ibg_tower_001,18,24,0,target_list,-974947165.0,path_grd_close_small_051,-1,path_grd_mid_elite1_802,7,path_grd_mid_small_049,4,path_grd_close_small_042,11,path_grd_mid_elite1_802,0,path_grd_close_small_069,5,,-1,,-1,,-1,,-1,-1074917165,Dash,-1074917165,Dash,-1074917165,Dash,-1074917165,Dash,-1174957165,Jump,-1174957165,Jump,-1074897165,Drop,-974947065,Drop,-1074917165,Drop,-1074897165,Drop,-1074917165,Drop,-1074897165,Drop,-1174957165,Dash,-1174957165,Dash,-1174957165,Dash,-1174957165,Dash,-1074917165,Dash,-1074917165,Dash,-1074897165,Drop,-974947165,Drop,-1074917165,Dash,-1074917165,Dash,-1074917165,Dash,-2074927165,Dash,0,None,0,None,0,None,0,None,0,None,0,None,0,None,0,None,0,None,0,None,0,None,0,None,0,None,0,None,0,None,0,None
6250122,wave_tower_pilgrim_002,Campaign,None,90,0,5,True,False,point_grd_tower_004,point_fly_tower_004,sbg_tower_004,Tower,Pilgrim,ibg_tower_001,18,15,9,target_list,-1984947165.0,path_grd_close_small_048,-1,path_fly_mid_elite1_802,-1,path_fly_mid_small_050,-1,path_grd_close_small_054,7,path_fly_far_elite1_803,0,path_fly_close_small_029,6,,-1,,-1,,-1,,-1,1220040131,Jump,1220040131,Jump,1220040131,Jump,1220040131,Jump,-1084927165,Dash,-1084927165,Dash,-1084937165,Drop,-1984947065,Drop,-2084957165,Drop,-2084957165,Drop,-2084957165,Drop,-1084937165,Drop,1220050131,Drop,1220050131,Drop,1220050131,Drop,1220050131,Drop,-2084957165,Dash,-2084957165,Dash,-1084937165,Drop,-1984947165,Drop,-1084927165,Drop,-1084927165,Drop,-1084927165,Drop,-1084927165,Drop,0,None,0,None,0,None,0,None,0,None,0,None,0,None,0,None,0,None,0,None,0,None,0,None,0,None,0,None,0,None,0,None
6250123,wave_tower_pilgrim_002,Campaign,None,90,0,5,True,False,point_grd_tower_002,point_fly_tower_002,sbg_tower_002,Tower,Pilgrim,ibg_tower_001,0,48,12,target_list,-1974917165.0,path_grd_far_small_003,-1,path_grd_mid_elite1_802,7,path_fly_mid_special_016,4,path_grd_mid_elite1_802,0,path_grd_far_small_044,10,path_grd_mid_special_025,-1,,-1,,-1,,-1,,-1,-2074957165,Drop,-2074957165,Drop,-1074907165,Dash,-1074907165,Dash,-2074957165,Jump,-2074957165,Jump,-1074907165,Drop,-1974917065,Drop,-1184957165,Drop,-1184957165,Drop,-2084957165,Drop,-2084957165,Drop,-2074957165,Dash,-2074957165,Dash,-1074907165,Drop,-1974917165,Drop,-1074907165,Dash,-1074907165,Dash,-1074907165,Dash,-1074907165,Dash,-1174957165,Jump,-1174957165,Jump,-1174957165,Drop,-1174957165,Drop,0,None,0,None,0,None,0,None,0,None,0,None,0,None,0,None,0,None,0,None,0,None,0,None,0,None,0,None,0,None,0,None
6250124,wave_tower_pilgrim_002,Campaign,None,90,0,5,True,False,point_grd_tower_005,point_fly_tower_005,sbg_tower_005,Tower,Pilgrim,ibg_tower_001,15,27,0,target_list,-1974947165.0,path_grd_close_small_067,-1,path_grd_mid_small_070,7,path_grd_mid_special_065,-1,path_grd_close_elite1_801,0,path_grd_mid_small_073,7,,-1,,-1,,-1,,-1,,-1,-1074907165,Dash,-1074907165,Dash,-2074917165,Drop,-1974947065,Drop,-1074937165,Dash,-1074937165,Dash,-1074937165,Dash,-1074947165,Dash,2120010131,Dash,2120010131,Dash,-1074907165,Drop,-1074907165,Drop,-1074907165,Dash,-1074907165,Dash,-1074947165,Drop,-1974947165,Drop,-1074907165,Dash,-1074907165,Dash,-1074907165,Dash,-2074917165,Dash,0,None,0,None,0,None,0,None,0,None,0,None,0,None,0,None,0,None,0,None,0,None,0,None,0,None,0,None,0,None,0,None,0,None,0,None,0,None,0,None
6250125,wave_tower_pilgrim_002,Campaign,None,90,0,7,True,False,point_grd_tower_002,point_fly_tower_002,sbg_tower_002,Tower,Pilgrim,ibg_tower_001,21,36,12,target_list,-1974937165.0,path_fly_mid_small_030,-1,path_grd_close_small_054,5,path_grd_mid_special_065,5,path_grd_far_small_044,6,path_grd_close_small_042,10,path_grd_mid_elite2_805,0,path_grd_close_elite1_801,-1,path_fly_far_small_040,8,path_grd_mid_small_043,-1,,-1,1210010131,Drop,1210010131,Drop,1210010131,Drop,-1084927165,Drop,1220050131,Drop,1220050131,Drop,1220050131,Drop,-1974937065,Drop,-1074907165,Dash,-1074907165,Dash,1220050131,Drop,-974937065,Drop,-1074907165,Dash,-1074907165,Dash,-1074907165,Dash,-1074907165,Dash,-1074907165,Dash,1220050131,Dash,-1074907165,Dash,1220050131,Dash,-1074917165,Drop,-1074917165,Drop,-974937065,Drop,-974937065,Drop,1220050131,Dash,1220050131,Dash,-1074907165,Drop,-1974937165,Drop,1210010131,Dash,1210010131,Dash,1210010131,Dash,1210010131,Dash,1220050131,Dash,-1074907165,Dash,1220050131,Dash,-1074907165,Dash,0,None,0,None,0,None,0,None
6250126,wave_tower_pilgrim_002,Campaign,None,90,0,5,True,False,point_grd_tower_003,point_fly_tower_003,sbg_tower_003,Tower,Pilgrim,ibg_tower_001,0,24,12,target_list,-974957165.0,path_fly_far_small_019,-1,path_fly_mid_elite1_802,6,path_grd_mid_small_058,-1,path_grd_mid_elite1_802,0,path_fly_far_small_040,6,,-1,,-1,,-1,,-1,,-1,-1084957165,Drop,-1084957165,Drop,-2084957165,Dash,-2084957165,Dash,-1084957165,Drop,-1084957165,Drop,-1084937165,Dash,1310020231,Dash,-1074927165,Dash,-1074927165,Dash,-1074927165,Dash,-2074927165,Dash,-1074927165,Jump,-1074927165,Jump,-2074927165,Drop,-974957165,Drop,-2084957165,Dash,-2084957165,Dash,-2084957165,Dash,-2084957165,Dash,0,None,0,None,0,None,0,None,0,None,0,None,0,None,0,None,0,None,0,None,0,None,0,None,0,None,0,None,0,None,0,None,0,None,0,None,0,None,0,None
6250127,wave_tower_pilgrim_002,BaseDefense,None,60,normal,6,True,True,point_grd_tower_003_midclear,point_fly_tower_003,sbg_tower_003_midclear,Tower,Pilgrim,ibg_tower_basedefense_001,12,42,0,,,path_grd_close_small_048,-1,path_grd_mid_small_043,-1,path_grd_mid_small_040,-1,path_grd_mid_elite1_802,3,path_grd_close_small_069,-1,path_fly_mid_small_030,10,path_grd_mid_small_075,5,path_grd_mid_elite1_802,7,,-1,,-1,-1074917165,Drop,-1074917165,Drop,-1074947165,Dash,-1074947165,Dash,-1074917165,Jump,-1074917165,Jump,-1074917165,Jump,-1074917165,Jump,-1074917165,Dash,-1074947165,Dash,-1074917165,Dash,-1074947165,Dash,-1074917165,Dash,-1074917165,Dash,-1074947165,Jump,-1974937065,Jump,-1074917165,Dash,-1074917165,Dash,-1074917165,Dash,-1074947165,Dash,-2084947165,Drop,-2084947165,Drop,-2084947165,Drop,1210040131,Drop,-1074917165,Jump,-1074917165,Jump,-1074917165,Jump,-1074947165,Jump,-1074917165,Dash,-1074917165,Dash,-1074947165,Drop,-1974937165,Drop,0,None,0,None,0,None,0,None,0,None,0,None,0,None,0,None
6250128,wave_tower_pilgrim_002,Campaign,None,90,0,5,True,False,point_grd_tower_002,point_fly_tower_002,sbg_tower_002,Tower,Pilgrim,ibg_tower_001,0,24,12,target_list,1320060131.0,path_grd_far_small_059,-1,path_grd_mid_elite1_802,7,path_fly_mid_small_005,-1,path_grd_mid_elite1_802,0,path_grd_far_small_074,6,,-1,,-1,,-1,,-1,,-1,-1074927165,Dash,-1074927165,Dash,-1074927165,Dash,-2074927165,Dash,-1074927165,Drop,-1074927165,Drop,1220050131,Dash,1320060231,Dash,-1084947165,Dash,-1084947165,Dash,-1084947165,Dash,-1084937165,Dash,-1074927165,Dash,-1074927165,Dash,-2074927165,Drop,1320060131,Drop,-1074927165,Dash,-1074927165,Dash,-1074927165,Dash,-2074927165,Dash,0,None,0,None,0,None,0,None,0,None,0,None,0,None,0,None,0,None,0,None,0,None,0,None,0,None,0,None,0,None,0,None,0,None,0,None,0,None,0,None
6250129,wave_tower_pilgrim_002,Campaign,None,90,0,5,True,False,point_grd_tower_005,point_fly_tower_005,sbg_tower_005,Tower,Pilgrim,ibg_tower_001,0,60,24,target_list,1310010131.0,path_grd_mid_special_025,-1,path_fly_far_elite1_803,12,path_fly_mid_special_016,-1,path_fly_far_special_045,0,path_grd_mid_special_065,11,path_fly_mid_special_016,7,,-1,,-1,,-1,,-1,1120010131,Jump,1120010131,Jump,1220030131,Drop,1320030231,Drop,1110010131,Dash,1110010131,Dash,1210010131,Drop,1210040131,Drop,1110010131,Drop,1110010131,Drop,1110010131,Drop,1110010131,Drop,1110010131,Drop,1110010131,Drop,-1084937165,Dash,1310010131,Drop,1120010131,Dash,1120010131,Dash,1220030131,Jump,-2074927165,Jump,1110010131,Drop,1110010131,Drop,-1084927165,Drop,-1084927165,Drop,0,None,0,None,0,None,0,None,0,None,0,None,0,None,0,None,0,None,0,None,0,None,0,None,0,None,0,None,0,None,0,None
6250130,wave_tower_pilgrim_002,Campaign,None,180,0,6,False,False,point_grd_talkertive_01,point_fly_talkertive_01,sbg_iceland_b_001,IceLand,Day,ibg_iceland_001,0,0,1,target_list,1520020131.0,b_grd_talkertive_01,-1,,-1,,-1,,-1,,-1,,-1,,-1,,-1,,-1,,-1,1520020131,Normal,0,None,0,None,0,None,0,None,0,None,0,None,0,None,0,None,0,None,0,None,0,None,0,None,0,None,0,None,0,None,0,None,0,None,0,None,0,None,0,None,0,None,0,None,0,None,0,None,0,None,0,None,0,None,0,None,0,None,0,None,0,None,0,None,0,None,0,None,0,None,0,None,0,None,0,None,0,None
6250131,wave_tower_pilgrim_002,Campaign,None,90,0,5,True,False,point_grd_tower_004,point_fly_tower_004,sbg_tower_004,Tower,Pilgrim,ibg_tower_001,6,30,6,target_list,1320040151.0,path_grd_close_small_001,-1,path_grd_mid_elite1_802,7,path_fly_mid_small_053,6,path_grd_mid_special_065,0,path_grd_far_small_071,11,,-1,,-1,,-1,,-1,,-1,1220020151,Drop,1220020151,Drop,1220030151,Dash,1220030151,Dash,1120010151,Jump,1120010151,Jump,1220020151,Drop,-1974917045,Drop,1210020151,Dash,1210020151,Dash,1210020151,Dash,1210040151,Dash,1120010151,Dash,1120010151,Dash,1220030151,Drop,1320040151,Drop,1220040151,Dash,1220040151,Dash,1220040151,Dash,-1074947145,Dash,0,None,0,None,0,None,0,None,0,None,0,None,0,None,0,None,0,None,0,None,0,None,0,None,0,None,0,None,0,None,0,None,0,None,0,None,0,None,0,None
6250132,wave_tower_pilgrim_002,Campaign,None,90,0,5,True,False,point_grd_tower_003,point_fly_tower_003,sbg_tower_003,Tower,Pilgrim,ibg_tower_001,6,51,0,target_list,-1974917145.0,path_grd_mid_special_025,-1,path_fly_mid_small_030,10,path_grd_close_small_013,4,path_grd_mid_elite1_802,0,path_grd_mid_special_025,6,path_grd_mid_small_043,3,,-1,,-1,,-1,,-1,1120010151,Jump,1120010151,Jump,-1074917145,Drop,-1974917045,Drop,1210020151,Drop,1210020151,Drop,1210020151,Drop,-1084927145,Drop,1220050151,Dash,1220050151,Dash,1220050151,Dash,1220050151,Dash,-1074917145,Dash,-1074917145,Dash,1220050151,Drop,-1974917145,Drop,-1174957145,Dash,-1174957145,Dash,1220050151,Drop,-2074927145,Dash,1220050151,Dash,1220050151,Dash,1220050151,Dash,1220050151,Dash,0,None,0,None,0,None,0,None,0,None,0,None,0,None,0,None,0,None,0,None,0,None,0,None,0,None,0,None,0,None,0,None
6250133,wave_tower_pilgrim_002,Campaign,None,90,0,5,True,False,point_grd_tower_001,point_fly_tower_001,sbg_tower_001,Tower,Pilgrim,ibg_tower_001,0,30,15,target_list,-974957145.0,path_fly_far_small_040,-1,path_grd_mid_elite1_802,6,path_fly_mid_small_050,-1,path_grd_far_elite1_803,0,path_fly_mid_special_047,6,,-1,,-1,,-1,,-1,,-1,1210020151,Dash,1210020151,Dash,1210020151,Dash,1210020151,Dash,1220020151,Jump,1220020151,Jump,1220020151,Jump,-1974957045,Jump,-2084957145,Drop,-2084957145,Drop,-2084957145,Drop,-1084937145,Drop,1220020151,Jump,1220020151,Jump,-2074927145,Drop,-974957145,Drop,1210020151,Dash,1210020151,Dash,-2084957145,Drop,-2084957145,Drop,0,None,0,None,0,None,0,None,0,None,0,None,0,None,0,None,0,None,0,None,0,None,0,None,0,None,0,None,0,None,0,None,0,None,0,None,0,None,0,None
6250134,wave_tower_pilgrim_002,Campaign,None,90,0,5,True,False,point_grd_tower_004,point_fly_tower_004,sbg_tower_004,Tower,Pilgrim,ibg_tower_001,21,12,0,target_list,1310010151.0,path_grd_close_small_010,-1,path_grd_mid_small_052,-1,path_fly_close_small_029,7,path_fly_close_elite1_801,0,path_grd_mid_small_040,10,,-1,,-1,,-1,,-1,,-1,-1074927145,Jump,-1074927145,Jump,-1074927145,Jump,-1074927145,Jump,-1074937145,Dash,-1074937145,Dash,-2074917145,Dash,-1974907045,Dash,-2084947145,Drop,-2084947145,Drop,-2084947145,Drop,1210040151,Drop,-2084947145,Dash,-2084947145,Dash,-2084947145,Drop,1310010151,Drop,-1074927145,Dash,-1074927145,Dash,-1074927145,Dash,-2074917145,Normal,0,None,0,None,0,None,0,None,0,None,0,None,0,None,0,None,0,None,0,None,0,None,0,None,0,None,0,None,0,None,0,None,0,None,0,None,0,None,0,None
6250135,wave_tower_pilgrim_002,BaseDefense,None,60,normal,10,True,True,point_grd_tower_003_midclear,point_fly_tower_003,sbg_tower_003_midclear,Tower,Pilgrim,ibg_tower_basedefense_001,27,69,0,,,path_grd_mid_elite2_805,-1,path_fly_close_small_041,7,path_grd_mid_special_065,2,path_grd_close_small_048,5,path_grd_mid_small_075,3,path_grd_mid_elite2_808,3,path_grd_mid_special_065,1,path_grd_close_special_024,3,path_grd_mid_small_075,-1,path_grd_mid_elite1_802,3,-1074927145,Jump,-1174956745,Jump,-974896745,Drop,-974896745,Drop,-1084926745,Drop,-1084926745,Drop,-1084926745,Drop,-1984937045,Drop,-1174956745,Jump,-1174956745,Jump,-1074927145,Drop,-1074927145,Drop,1220050551,Jump,1220050551,Jump,1220050551,Drop,1220050551,Drop,1220050551,Dash,1220050551,Dash,1220050551,Dash,1220050551,Dash,-1174956745,Drop,1220050551,Drop,-974896745,Jump,-974896745,Jump,-1174956745,Jump,-1174956745,Jump,1220050551,Drop,-974896745,Drop,-1174956745,Jump,-1174956745,Jump,1220050551,Drop,-974896745,Drop,1220050551,Drop,1220050551,Drop,1220050551,Drop,1220050551,Drop,-1174956745,Dash,-1174956745,Dash,-1074927145,Drop,-974896745,Drop
6250136,wave_tower_pilgrim_002,Defense,None,90,20,7,True,True,point_grd_tower_002_rightclear,point_fly_tower_002_rightclear,sbg_tower_002_rightclear,Tower,Pilgrim,ibg_tower_defense_001,27,45,0,,,path_grd_close_small_039,-1,path_grd_mid_small_075,12,path_grd_close_special_064,-1,path_grd_mid_elite1_802,4,path_grd_close_small_048,10,path_fly_mid_special_047,-1,path_grd_mid_small_075,9,path_grd_mid_elite1_802,-1,,-1,,-1,-2074957145,Jump,-2074957145,Jump,-2074957145,Jump,-2074927145,Normal,-1074957145,Jump,-1074957145,Jump,-1074957145,Jump,-1074947145,Jump,-1174957145,Jump,-1174957145,Jump,-2074957145,Dash,-2074957145,Dash,-2074957145,Jump,-2074957145,Jump,-2074927145,Drop,1320060251,Drop,-1074957145,Drop,-1074957145,Drop,-1074957145,Drop,-2074927145,Drop,-1184957145,Drop,-1184957145,Drop,-1084947145,Normal,-1084947145,Normal,-2074957145,Dash,-2074957145,Drop,-2074957145,Dash,-2074927145,Drop,-2074957145,Dash,-2074957145,Dash,-2074927145,Normal,1320060151,Normal,0,None,0,None,0,None,0,None,0,None,0,None,0,None,0,None
6250137,wave_tower_pilgrim_002,Campaign,None,90,0,5,True,False,point_grd_tower_005,point_fly_tower_005,sbg_tower_005,Tower,Pilgrim,ibg_tower_001,21,21,0,target_list,-974907145.0,path_grd_mid_small_002,-1,path_grd_close_elite1_801,7,path_fly_mid_small_050,-1,path_grd_close_small_048,-1,path_grd_mid_elite1_802,0,path_grd_close_small_051,6,,-1,,-1,,-1,,-1,-2074947145,Drop,-2074947145,Drop,1220050151,Dash,1220050151,Dash,-2074947145,Dash,-2074947145,Dash,1220050151,Drop,-974907045,Drop,1210040151,Dash,1210040151,Dash,1210040151,Dash,-1084927145,Drop,1220050151,Jump,1220050151,Jump,1220050151,Jump,1220050151,Jump,-2074947145,Dash,-2074947145,Dash,-2074927145,Drop,-974907145,Drop,1220050151,Jump,1220050151,Jump,1220050151,Jump,1220050151,Jump,0,None,0,None,0,None,0,None,0,None,0,None,0,None,0,None,0,None,0,None,0,None,0,None,0,None,0,None,0,None,0,None
6250138,wave_tower_pilgrim_002,Campaign,None,90,0,5,True,False,point_grd_tower_002,point_fly_tower_002,sbg_tower_002,Tower,Pilgrim,ibg_tower_001,9,15,12,target_list,1310030151.0,path_grd_close_elite1_801,-1,path_grd_far_small_033,7,path_grd_mid_small_058,7,path_fly_mid_elite1_802,0,path_grd_far_small_044,6,,-1,,-1,,-1,,-1,,-1,-1074937145,Dash,-1074937145,Dash,-2074927145,Jump,-1974917045,Jump,-2074937145,Dash,-2074937145,Dash,-2074937145,Dash,-2074927145,Dash,-1074937145,Dash,-1074937145,Dash,-1074937145,Dash,-2074927145,Dash,-1084957145,Dash,-1084957145,Dash,-1084937145,Drop,1310030151,Drop,-2074937145,Jump,-2074937145,Jump,-2074937145,Jump,-2074927145,Dash,0,None,0,None,0,None,0,None,0,None,0,None,0,None,0,None,0,None,0,None,0,None,0,None,0,None,0,None,0,None,0,None,0,None,0,None,0,None,0,None
6250139,wave_tower_pilgrim_002,Campaign,None,90,0,5,True,False,point_grd_tower_004,point_fly_tower_004,sbg_tower_004,Tower,Pilgrim,ibg_tower_001,30,18,0,target_list,-974917145.0,path_grd_close_small_067,-1,path_grd_mid_small_012,-1,path_grd_mid_small_046,4,path_grd_close_elite1_801,0,path_grd_mid_small_043,6,path_grd_close_special_064,3,,-1,,-1,,-1,,-1,-1074937145,Dash,-1074937145,Dash,-1074937145,Drop,-1974947045,Drop,-1074937145,Dash,-1074937145,Dash,1220050151,Dash,1220050151,Dash,1220050151,Drop,1220050151,Drop,1220050151,Drop,1220050151,Drop,2120010151,Jump,2120010151,Jump,-2074927145,Drop,-974917145,Drop,1220050151,Dash,1220050151,Dash,1220050151,Dash,1220050151,Dash,2120010151,Dash,2120010151,Dash,1220050151,Drop,1220050151,Drop,0,None,0,None,0,None,0,None,0,None,0,None,0,None,0,None,0,None,0,None,0,None,0,None,0,None,0,None,0,None,0,None
6250140,wave_tower_pilgrim_002,Campaign,None,180,0,6,False,False,point_grd_tower_003,point_fly_tower_003,sbg_tower_003_midclear,Tower,Pilgrim,ibg_tower_001,0,42,1,target_list,-1884957065.0,path_fly_far_centurion_903,-1,path_fly_mid_small_018,-1,path_grd_mid_elite1_802,3,path_grd_mid_elite2_805,4,path_grd_mid_small_049,-1,path_grd_mid_small_052,8,path_fly_mid_small_050,-1,,-1,,-1,,-1,-1884957065,Normal,0,None,0,None,0,None,1210010131,Dash,1210020131,Dash,2110010131,Dash,2110010131,Dash,1220010131,Drop,1220010131,Drop,1220010131,Drop,-2074927165,Drop,-1074927165,Jump,-1074927165,Jump,-1074927165,Dash,-974907065,Drop,-1174957165,Jump,-1174957165,Jump,-2074957165,Jump,-2074927165,Drop,-2074937165,Drop,-1067916965,Drop,-1074897165,Drop,-1074897165,Drop,-1184957165,Dash,-1184957165,Dash,1210010131,Dash,1310010231,Dash,0,None,0,None,0,None,0,None,0,None,0,None,0,None,0,None,0,None,0,None,0,None,0,None
6250141,wave_tower_pilgrim_002,Campaign,None,90,0,5,True,False,point_grd_tower_001,point_fly_tower_001,sbg_tower_001,Tower,Pilgrim,ibg_tower_001,6,27,0,target_list,-1974947185.0,path_grd_mid_small_068,-1,path_grd_mid_small_043,7,path_grd_close_small_048,-1,path_grd_mid_elite1_802,0,path_grd_mid_small_049,11,,-1,,-1,,-1,,-1,,-1,-1074917185,Dash,-1074917185,Dash,-1074897185,Drop,-974917085,Drop,-1074897185,Dash,-1074897185,Dash,-1074917185,Dash,-1074917185,Dash,-1074917185,Drop,-1074917185,Drop,-1074917185,Drop,-1074917185,Drop,-1074917185,Dash,-1074917185,Dash,-1074897185,Drop,-1974947185,Drop,-1074917185,Drop,-1074897185,Drop,-1074917185,Drop,-1074897185,Drop,0,None,0,None,0,None,0,None,0,None,0,None,0,None,0,None,0,None,0,None,0,None,0,None,0,None,0,None,0,None,0,None,0,None,0,None,0,None,0,None
6250142,wave_tower_pilgrim_002,Campaign,None,90,0,5,True,False,point_grd_tower_003,point_fly_tower_003,sbg_tower_003,Tower,Pilgrim,ibg_tower_001,42,15,0,target_list,-974907185.0,path_grd_close_small_007,-1,path_fly_mid_small_036,4,path_fly_close_special_044,6,path_grd_mid_elite1_802,0,path_fly_close_special_046,6,path_fly_close_small_035,3,,-1,,-1,,-1,,-1,-2074947185,Drop,-2074947185,Drop,1220050111,Drop,1320030211,Drop,-2084947185,Dash,-2084947185,Dash,-2084947185,Dash,-2084947185,Dash,-1084927185,Drop,-1084927185,Drop,-1084957185,Drop,-1084937185,Drop,2120010111,Dash,2120010111,Dash,1220050111,Drop,-974907185,Drop,2110010111,Dash,2110010111,Dash,-1084927185,Drop,-1084927185,Drop,-1084927185,Dash,-1084927185,Dash,-1084927185,Dash,-1084927185,Dash,0,None,0,None,0,None,0,None,0,None,0,None,0,None,0,None,0,None,0,None,0,None,0,None,0,None,0,None,0,None,0,None
6250143,wave_tower_pilgrim_002,Campaign,None,90,0,5,True,False,point_grd_tower_004,point_fly_tower_004,sbg_tower_004,Tower,Pilgrim,ibg_tower_001,0,24,18,target_list,-984947185.0,path_grd_far_small_003,-1,path_grd_mid_elite1_802,6,path_grd_far_small_044,-1,path_fly_mid_special_047,0,path_grd_far_small_044,9,,-1,,-1,,-1,,-1,,-1,-2074937185,Drop,-2074937185,Drop,-1074897185,Dash,-1074897185,Dash,-2074937185,Drop,-2074937185,Drop,-1074897185,Drop,-974907085,Drop,-2074937185,Dash,-2074937185,Dash,-1074897185,Dash,-1074897185,Dash,2110010111,Dash,2110010111,Dash,-1084927185,Drop,-984947185,Drop,-2074937185,Dash,-2074937185,Dash,-1074897185,Dash,-1074897185,Dash,0,None,0,None,0,None,0,None,0,None,0,None,0,None,0,None,0,None,0,None,0,None,0,None,0,None,0,None,0,None,0,None,0,None,0,None,0,None,0,None
6250144,wave_tower_pilgrim_002,BaseDefense,None,60,normal,6,True,True,point_grd_tower_003_midclear,point_fly_tower_003,sbg_tower_003_midclear,Tower,Pilgrim,ibg_tower_basedefense_001,6,45,12,,,path_grd_close_small_039,-1,path_grd_far_small_038,-1,path_grd_mid_small_046,-1,path_grd_mid_elite1_802,3,path_fly_far_small_051,8,path_grd_mid_special_065,6,path_grd_mid_small_076,5,path_grd_mid_elite1_802,7,,-1,,-1,-1074927185,Dash,-1074927185,Dash,-1074927185,Dash,-1074927185,Dash,-1074907185,Dash,-1074907185,Dash,-1074907185,Dash,-2074927185,Dash,-1074927185,Drop,-1074927185,Drop,-1074927185,Drop,-1074927185,Drop,-1074907185,Jump,-1074907185,Jump,-1074947185,Drop,-1974957085,Drop,-1084957185,Dash,-1084957185,Dash,-1084957185,Dash,-1084957185,Jump,1120010111,Jump,1120010111,Jump,-1074927185,Drop,-1074947185,Drop,-1074927185,Dash,-1074927185,Dash,-1074927185,Dash,-1074927185,Dash,-1074927185,Jump,-1074927185,Jump,-1074947185,Drop,-974937185,Drop,0,None,0,None,0,None,0,None,0,None,0,None,0,None,0,None
6250145,wave_tower_pilgrim_002,Campaign,None,90,0,5,True,False,point_grd_tower_005,point_fly_tower_005,sbg_tower_005,Tower,Pilgrim,ibg_tower_001,27,39,0,target_list,-974927185.0,path_grd_close_elite3_816,-1,path_grd_mid_small_049,7,path_grd_close_small_036,3,path_fly_mid_elite1_802,10,path_grd_close_small_048,0,path_grd_mid_elite1_802,7,path_fly_mid_elite1_802,15,path_grd_close_small_042,7,path_grd_mid_small_052,7,,-1,-2074957185,Dash,-974896785,Jump,-974896785,Jump,-974896785,Jump,-1074907185,Drop,-974896785,Drop,-1074907185,Drop,-974896785,Drop,-2074957185,Dash,-974896785,Dash,-974896785,Dash,-974896785,Dash,-1084927185,Dash,-1084927185,Dash,-1084957185,Drop,-1984937085,Drop,-974896785,Drop,-974896785,Drop,-974896785,Drop,-2074927185,Drop,-1074907185,Jump,-1074907185,Jump,-974896785,Drop,-974927185,Drop,-1084927185,Drop,-1084927185,Drop,-1084927185,Drop,-1984937085,Drop,-974896785,Dash,-974896785,Dash,-974896785,Dash,-974896785,Dash,-1074907185,Dash,-974896785,Dash,-1074907185,Dash,-974896785,Dash,0,None,0,None,0,None,0,None
6250146,wave_tower_pilgrim_002,Campaign,None,90,0,5,True,False,point_grd_tower_002,point_fly_tower_002,sbg_tower_002,Tower,Pilgrim,ibg_tower_001,21,15,0,target_list,-974927185.0,path_grd_close_small_010,-1,path_grd_mid_elite1_802,6,path_fly_close_small_029,-1,path_grd_close_elite1_801,0,path_grd_mid_small_043,-1,,-1,,-1,,-1,,-1,,-1,-2074957185,Jump,-1074947185,Jump,-2074957185,Jump,-1074947185,Jump,-2074957185,Dash,-2074957185,Dash,-1074947185,Drop,-1974907085,Drop,-2084947185,Dash,-2084947185,Dash,-2084947185,Dash,1210040111,Drop,-2074957185,Dash,-2074957185,Dash,-1074947185,Drop,-974927185,Drop,-2074957185,Dash,-1074947185,Dash,-2074957185,Dash,-1074947185,Dash,0,None,0,None,0,None,0,None,0,None,0,None,0,None,0,None,0,None,0,None,0,None,0,None,0,None,0,None,0,None,0,None,0,None,0,None,0,None,0,None
6250147,wave_tower_pilgrim_002,Campaign,None,90,0,5,True,False,point_grd_tower_001,point_fly_tower_001,sbg_tower_001,Tower,Pilgrim,ibg_tower_001,0,15,18,target_list,-984957185.0,path_grd_mid_small_037,-1,path_grd_far_small_041,7,path_fly_far_small_031,-1,path_fly_mid_elite2_805,0,path_grd_far_small_044,-1,,-1,,-1,,-1,,-1,,-1,-1074907185,Dash,-2074927185,Dash,-1074907185,Dash,1320040211,Dash,-1074907185,Dash,-1074907185,Dash,-1074907185,Dash,-2074917185,Dash,1210010111,Drop,1210010111,Drop,1210010111,Drop,-1084937185,Drop,1210010111,Jump,1210010111,Jump,-1084937185,Drop,-984957185,Drop,-1074907185,Dash,-2074927185,Dash,-1074907185,Dash,-2074927185,Dash,0,None,0,None,0,None,0,None,0,None,0,None,0,None,0,None,0,None,0,None,0,None,0,None,0,None,0,None,0,None,0,None,0,None,0,None,0,None,0,None
6250148,wave_tower_pilgrim_002,Campaign,None,90,0,5,True,False,point_grd_tower_005,point_fly_tower_005,sbg_tower_005,Tower,Pilgrim,ibg_tower_001,6,27,0,target_list,-1974947185.0,path_grd_mid_small_068,-1,path_grd_mid_small_043,7,path_grd_close_small_048,-1,path_grd_mid_elite1_802,0,path_grd_mid_small_049,11,,-1,,-1,,-1,,-1,,-1,-1074917185,Dash,-1074917185,Dash,-1074897185,Drop,-974917085,Drop,-1074897185,Dash,-1074897185,Dash,-1074917185,Dash,-1074917185,Dash,-1074917185,Drop,-1074917185,Drop,-1074917185,Drop,-1074917185,Drop,-1074917185,Dash,-1074917185,Dash,-1074897185,Drop,-1974947185,Drop,-1074917185,Drop,-1074897185,Drop,-1074917185,Drop,-1074897185,Drop,0,None,0,None,0,None,0,None,0,None,0,None,0,None,0,None,0,None,0,None,0,None,0,None,0,None,0,None,0,None,0,None,0,None,0,None,0,None,0,None
6250149,wave_tower_pilgrim_002,Campaign,None,90,0,5,True,False,point_grd_tower_004,point_fly_tower_004,sbg_tower_004,Tower,Pilgrim,ibg_tower_001,18,15,9,target_list,-1984947185.0,path_grd_close_small_048,-1,path_fly_mid_elite1_802,-1,path_fly_mid_small_050,-1,path_grd_close_small_054,7,path_fly_far_elite1_803,0,path_fly_close_small_029,6,,-1,,-1,,-1,,-1,1220040111,Jump,1220040111,Jump,1220040111,Jump,1220040111,Jump,-1084927185,Dash,-1084927185,Dash,-1084937185,Drop,-1984947085,Drop,-2084957185,Drop,-2084957185,Drop,-2084957185,Drop,-1084937185,Drop,1220050111,Drop,1220050111,Drop,1220050111,Drop,1220050111,Drop,-2084957185,Dash,-2084957185,Dash,-1084937185,Drop,-1984947185,Drop,-1084927185,Drop,-1084927185,Drop,-1084927185,Drop,-1084927185,Drop,0,None,0,None,0,None,0,None,0,None,0,None,0,None,0,None,0,None,0,None,0,None,0,None,0,None,0,None,0,None,0,None
6250150,wave_tower_pilgrim_002,Campaign,None,180,0,6,False,False,point_grd_harvester_01,point_fly_harvester_01,sbg_desert_b_001_01,Desert,Day,ibg_desert_001,0,0,1,target_list,1520010111.0,b_g_harvester_01,-1,,-1,,-1,,-1,,-1,,-1,,-1,,-1,,-1,,-1,1520010111,None,0,None,0,None,0,None,0,None,0,None,0,None,0,None,0,None,0,None,0,None,0,None,0,None,0,None,0,None,0,None,0,None,0,None,0,None,0,None,0,None,0,None,0,None,0,None,0,None,0,None,0,None,0,None,0,None,0,None,0,None,0,None,0,None,0,None,0,None,0,None,0,None,0,None,0,None,0,None
