id,group_id,title_localkey,speech_window,highlight,speaker,scenario_localkey,play_lipsync,set_background,set_light,conversation_id,set_image,set_object,set_object_position,set_start_camera,set_end_camera,set_camera_duration,play_movie,play_sound,play_ambient,ambient_volume,play_bgm,set_camera_shake,set_filter_01,set_filter_02,jump_target,fade,is_exit_scenario,characters/0/show_char_id,characters/0/hide_char_id,characters/0/set_char_position,characters/0/set_char_anim,characters/1/show_char_id,characters/1/hide_char_id,characters/1/set_char_position,characters/1/set_char_anim,characters/2/show_char_id,characters/2/hide_char_id,characters/2/set_char_position,characters/2/set_char_anim,characters/3/show_char_id,characters/3/hide_char_id,characters/3/set_char_position,characters/3/set_char_anim,characters/4/show_char_id,characters/4/hide_char_id,characters/4/set_char_position,characters/4/set_char_anim,characters/5/show_char_id,characters/5/hide_char_id,characters/5/set_char_position,characters/5/set_char_anim,characters/6/show_char_id,characters/6/hide_char_id,characters/6/set_char_position,characters/6/set_char_anim,characters/7/show_char_id,characters/7/hide_char_id,characters/7/set_char_position,characters/7/set_char_anim,characters/8/show_char_id,characters/8/hide_char_id,characters/8/set_char_position,characters/8/set_char_anim,characters/9/show_char_id,characters/9/hide_char_id,characters/9/set_char_position,characters/9/set_char_anim,effects/0/play_effect_id,effects/0/stop_effect_id,effects/0/set_effect_position,effects/0/is_effect_movable,effects/1/play_effect_id,effects/1/stop_effect_id,effects/1/set_effect_position,effects/1/is_effect_movable
d_main_11_03_1,d_main_11_03,,Speech,maxwell,maxwell,Locale_MainScenario:d_main_11_03_1,True,Desert_02,,,,,,1,1,0,,,,100,bgm_blurredvision,,None,None,,None,False,maxwell,,1,idle,laplace,,3,angry,drake,,13,idle,rapi,,15,think,,,,,,,,,,,,,,,,,,,,,,,,,,,,False,,,,False
d_main_11_03_2,d_main_11_03,,Speech,laplace,laplace,Locale_MainScenario:d_main_11_03_2,True,,,,,,,1,3,0,,,,100,,,None,None,,None,False,,,1,idle,,,3,angry,,,13,idle,,,15,think,,,,,,,,,,,,,,,,,,,,,,,,,,,,False,,,,False
d_main_11_03_3,d_main_11_03,,Speech,laplace,laplace,Locale_MainScenario:d_main_11_03_3,True,,,,,,,3,30,858993459,,,,100,,,None,None,,None,False,,,1,idle,,,3,angry,,,13,idle,,,15,think,,,,,,,,,,,,,,,,,,,,,,,,,,,,False,,,,False
d_main_11_03_4,d_main_11_03,,Narration,,Narration,Locale_MainScenario:d_main_11_03_4,False,,,,,,,black,black,0,,sfx_scn_rapturebeam,,100,none,,None,None,,None,False,,,1,idle,,,3,angry,,,13,idle,,,15,think,,,,,,,,,,,,,,,,,,,,,,,,,,,,False,,,,False
d_main_11_03_5,d_main_11_03,,Narration,,Narration,Locale_MainScenario:d_main_11_03_5,False,,,,,,,black,black,0,,,,100,,,None,None,,None,False,,,1,idle,,,3,angry,,,13,idle,,,15,think,,,,,,,,,,,,,,,,,,,,,,,,,,,,False,,,,False
d_main_11_03_6,d_main_11_03,,Narration,,Narration,Locale_MainScenario:d_main_11_03_6,False,,,,,,,black,black,0,,,,100,,,None,None,,None,False,,,1,idle,,,3,angry,,,13,idle,,,15,think,,,,,,,,,,,,,,,,,,,,,,,,,,,,False,,,,False
d_main_11_03_7,d_main_11_03,,Narration,,Narration,Locale_MainScenario:d_main_11_03_7,False,EventScene_Chap_11_01,,,,,,1,1,0,,sfx_scn_explosions,,100,,,None,None,,None,False,,maxwell,1,idle,,laplace,3,angry,,drake,13,idle,,rapi,15,think,,,,,,,,,,,,,,,,,,,,,,,,,,,,False,,,,False
d_main_11_03_8,d_main_11_03,,Narration,,Narration,Locale_MainScenario:d_main_11_03_8,False,,,,,,,1,1,0,,sfx_scn_earthquake,,100,,Low_1,None,None,,None,False,,,,,,,,,,,,,,,,,,,,,,,,,,,,,,,,,,,,,,,,,,,,False,,,,False
d_main_11_03_9,d_main_11_03,,Narration,,Narration,Locale_MainScenario:d_main_11_03_9,False,,,,,,,1,1,0,,,,100,,,None,None,,None,False,,,,,,,,,,,,,,,,,,,,,,,,,,,,,,,,,,,,,,,,,,,,False,,,,False
d_main_11_03_10,d_main_11_03,,Speech,maxwell,maxwell,Locale_MainScenario:d_main_11_03_10,False,,,,,,,1,1,0,,,,100,,,None,None,,None,False,,,,,,,,,,,,,,,,,,,,,,,,,,,,,,,,,,,,,,,,,,,,False,,,,False
d_main_11_03_11,d_main_11_03,,Speech,laplace,laplace,Locale_MainScenario:d_main_11_03_11,False,,,,,,,1,1,0,,,,100,,,None,None,,None,False,,,,,,,,,,,,,,,,,,,,,,,,,,,,,,,,,,,,,,,,,,,,False,,,,False
d_main_11_03_12,d_main_11_03,,Speech,rapi,rapi,Locale_MainScenario:d_main_11_03_12,False,,,,,,,1,1,0,,,,100,,,None,None,,None,False,,,,,,,,,,,,,,,,,,,,,,,,,,,,,,,,,,,,,,,,,,,,False,,,,False
d_main_11_03_13,d_main_11_03,,Speech,maxwell,maxwell,Locale_MainScenario:d_main_11_03_13,True,Desert_02,,,,,,1,1,0,,,,100,bgm_story_herecomestrouble,,None,None,,None,False,maxwell,,1,angry,laplace,,3,think,drake,,13,idle,rapi,,15,think,,,,,,,,,,,,,,,,,,,,,,,,,,,,False,,,,False
d_main_11_03_14,d_main_11_03,,Speech,laplace,laplace,Locale_MainScenario:d_main_11_03_14,True,,,,,,,2,2,0,,,,100,,,None,None,,None,False,,,1,angry,,,3,think,,,13,idle,,rapi,15,think,,,,,,,,,,,,,,,,,,,,,,,,,,,,False,,,,False
d_main_11_03_15,d_main_11_03,,Speech,drake,drake,Locale_MainScenario:d_main_11_03_15,True,,,,,,,13,130,1717986918,,,,100,,,None,None,,None,False,,,1,angry,,,3,think,,,13,idle,,,,,,,,,,,,,,,,,,,,,,,,,,,,,,,,False,,,,False
d_main_11_03_16,d_main_11_03,,Speech,drake,drake,Locale_MainScenario:d_main_11_03_16,True,,,,,,,130,130,0,,,,100,,,None,None,,None,False,,,1,angry,,,3,think,,,13,idle,,,,,,,,,,,,,,,,,,,,,,,,,,,,,,,,False,,,,False
d_main_11_03_17,d_main_11_03,,Speech,maxwell,maxwell,Locale_MainScenario:d_main_11_03_17,True,,,,,,,130,12,0,,,,100,,,None,None,,None,False,,,1,angry,,,3,think,,,13,idle,,,,,,,,,,,,,,,,,,,,,,,,,,,,,,,,False,,,,False
d_main_11_03_18,d_main_11_03,,Speech,maxwell,maxwell,Locale_MainScenario:d_main_11_03_18,True,,,,,,,12,12,0,,,,100,,,None,None,,None,False,,,1,angry,,,3,think,,,13,idle,,,,,,,,,,,,,,,,,,,,,,,,,,,,,,,,False,,,,False
d_main_11_03_19,d_main_11_03,,Speech,drake,drake,Locale_MainScenario:d_main_11_03_19,True,,,,,,,12,12,0,,,,100,,,None,None,,None,False,,,1,angry,,,3,think,,,13,no,,,,,,,,,,,,,,,,,,,,,,,,,,,,,,,,False,,,,False
d_main_11_03_20,d_main_11_03,,Speech,maxwell,maxwell,Locale_MainScenario:d_main_11_03_20,True,,,,,,,12,12,0,,,,100,,,None,None,,None,False,,,1,angry,,,3,think,,,13,no,,,,,,,,,,,,,,,,,,,,,,,,,,,,,,,,False,,,,False
d_main_11_03_21,d_main_11_03,,Speech,drake,drake,Locale_MainScenario:d_main_11_03_21,True,,,,,,,12,12,0,,,,100,,,None,None,,None,False,,,1,angry,,,3,think,,,13,angry,,,,,,,,,,,,,,,,,,,,,,,,,,,,,,,,False,,,,False
d_main_11_03_22,d_main_11_03,,Speech,maxwell,maxwell,Locale_MainScenario:d_main_11_03_22,True,,,,,,,12,12,0,,,,100,,,None,None,,None,False,,,1,angry,,,3,think,,,13,angry,,,,,,,,,,,,,,,,,,,,,,,,,,,,,,,,False,,,,False
d_main_11_03_23,d_main_11_03,,Speech,maxwell,maxwell,Locale_MainScenario:d_main_11_03_23,True,,,,,,,12,10,0,,,,100,,,None,None,,None,False,,,1,angry,,,3,think,,,13,angry,,,,,shifty,,OP_leftup,no,,,,,,,,,,,,,,,,,,,,,,,,False,,,,False
d_main_11_03_24,d_main_11_03,,Speech,shifty,shifty,Locale_MainScenario:d_main_11_03_24,True,,,,,,,10,10,0,,,,100,,,None,None,,None,False,,,1,angry,,,3,think,,,13,angry,,,,,,,OP_leftup,think,,,,,,,,,,,,,,,,,,,,,,,,False,,,,False
d_main_11_03_25,d_main_11_03,,Speech,maxwell,maxwell,Locale_MainScenario:d_main_11_03_25,True,,,,,,,10,10,0,,,,100,,,None,None,,None,False,,,1,angry,,,3,think,,,13,angry,,,,,,,OP_leftup,think,,,,,,,,,,,,,,,,,,,,,,,,False,,,,False
d_main_11_03_26,d_main_11_03,,Narration,,Narration,Locale_MainScenario:d_main_11_03_26,False,,,,,,,10,S_30,-1717986918,,sfx_scn_riflewhizby,,100,,Low_2,None,None,,None,False,,,1,angry,,,3,think,,,13,angry,,,,,,shifty,OP_leftup,think,,,,,,,,,,,,,,,,,,,,,,,,False,,,,False
d_main_11_03_27,d_main_11_03,,Monologue,,,Locale_MainScenario:d_main_11_03_27,False,,,,,,,S_30,S_30,0,,,,100,,,None,None,,None,False,,,1,angry,,,3,think,,,13,angry,,,,,,,,,,,,,,,,,,,,,,,,,,,,,,,,False,,,,False
d_main_11_03_28,d_main_11_03,,Monologue,,,Locale_MainScenario:d_main_11_03_28,False,,,,,,,S_30,S_30,0,,,,100,,,None,None,,None,False,,,1,angry,,,3,think,,,13,angry,,,,,,,,,,,,,,,,,,,,,,,,,,,,,,,,False,,,,False
d_main_11_03_29,d_main_11_03,,Monologue,,,Locale_MainScenario:d_main_11_03_29,False,,,,,,,S_30,8,0,,,,100,,,None,None,,None,False,,,1,angry,,,3,think,,,13,angry,,,,,,,,,,,,,,,,,,,,,,,,,,,,,,,,False,,,,False
d_main_11_03_30,d_main_11_03,,Monologue,,,Locale_MainScenario:d_main_11_03_30,False,,,,,,,8,8,0,,,,100,,,None,None,,None,False,,,1,angry,,,3,think,,,13,angry,,,,,,,,,,,,,,,,,,,,,,,,,,,,,,,,False,,,,False
d_main_11_03_31,d_main_11_03,,Monologue,,,Locale_MainScenario:d_main_11_03_31,False,,,,,,,8,8,0,,,,100,,,None,None,,None,False,,,1,angry,,,3,think,,,13,angry,,,,,,,,,,,,,,,,,,,,,,,,,,,,,,,,False,,,,False
d_main_11_03_32,d_main_11_03,,Speech,drake,drake,Locale_MainScenario:d_main_11_03_32,True,,,,,,,13,130,-1717986918,,,,100,,,None,None,,None,False,,,1,angry,,,3,think,,,13,delight,,,,,,,,,,,,,,,,,,,,,,,,,,,,,,,,False,,,,False
d_main_11_03_33,d_main_11_03,,Speech,maxwell,maxwell,Locale_MainScenario:d_main_11_03_33,True,,,,,,,1,10,-1717986918,,,,100,,,None,None,,None,False,,,1,angry,,,3,think,,,13,delight,,,,,,,,,,,,,,,,,,,,,,,,,,,,,,,,False,,,,False
d_main_11_03_34,d_main_11_03,,Narration,,Narration,Locale_MainScenario:d_main_11_03_34,False,,,,,,,10,10,0,,sfx_scn_explosions,,100,,Low_2,None,None,,None,False,,,1,angry,,,3,think,,,13,delight,,,,,,,,,,,,,,,,,,,,,,,,,,,,,,,,False,,,,False
d_main_11_03_35,d_main_11_03,,Monologue,,,Locale_MainScenario:d_main_11_03_35,False,,,,,,,10,10,0,,,,100,,,None,None,,None,False,,,1,angry,,,3,think,,,13,delight,,,,,,,,,,,,,,,,,,,,,,,,,,,,,,,,False,,,,False
d_main_11_03_36,d_main_11_03,,Speech,maxwell,maxwell,Locale_MainScenario:d_main_11_03_36,True,,,,,,,10,1,0,,,,100,,,None,None,,None,False,,,1,sad,,,3,think,,,13,no,,,,,,,,,,,,,,,,,,,,,,,,,,,,,,,,False,,,,False
d_main_11_03_37,d_main_11_03,,Speech,laplace,laplace,Locale_MainScenario:d_main_11_03_37,True,,,,,,,1,2,0,,,,100,,,None,None,,None,False,,,1,sad,,,3,angry,,,13,no,,,,,,,,,,,,,,,,,,,,,,,,,,,,,,,,False,,,,False
d_main_11_03_38,d_main_11_03,,Speech,laplace,laplace,Locale_MainScenario:d_main_11_03_38,True,,,,,,,2,2,0,,,,100,,,None,None,,None,False,,,1,sad,,,3,angry,,,13,no,,,,,,,,,,,,,,,,,,,,,,,,,,,,,,,,False,,,,False
d_main_11_03_39,d_main_11_03,,Speech,maxwell,maxwell,Locale_MainScenario:d_main_11_03_39,True,,,,,,,2,100,1717986918,,,,100,,,None,None,,None,False,,,1,angry,,,3,angry,,,13,no,,,,,,,,,,,,,,,,,,,,,,,,,,,,,,,,False,,,,False
