id,event_id,group_id,speech_window,highlight,speaker,scenario_localkey,play_lipSync,set_background,set_start_camera,set_end_camera,set_camera_duration,play_bgm,set_camera_shake,play_sound,characters/0/show_char_id,characters/0/set_char_position,characters/0/set_char_anim,characters/1/show_char_id,characters/1/set_char_position,characters/1/set_char_anim,characters/2/show_char_id,characters/2/set_char_position,characters/2/set_char_anim,characters/3/show_char_id,characters/3/set_char_position,characters/3/set_char_anim,characters/4/show_char_id,characters/4/set_char_position,characters/4/set_char_anim,characters/5/show_char_id,characters/5/set_char_position,characters/5/set_char_anim,characters/6/show_char_id,characters/6/set_char_position,characters/6/set_char_anim
event_boomtheghost1_06_s_1,40084,event_boomtheghost1_06_s,Speech,elegg_s,elegg_s,Locale_MainScenario:event_boomtheghost1_06_s_1,True,Deck_n,S_70,S_70,1.0,bgm_story_luckybreak,,,elegg_s,7,idle,yan_s,5,idle,tove_s,3,surprise,centi_s,1,idle,frima_s,13,idle,pepper_s,15,idle,,,
event_boomtheghost1_06_s_2,40084,event_boomtheghost1_06_s,Speech,elegg_s,elegg_s,Locale_MainScenario:event_boomtheghost1_06_s_2,True,,S_70,S_70,1.0,,Low_2,,,7,idle,,5,idle,,3,surprise,,1,idle,,13,idle,,15,idle,,,
event_boomtheghost1_06_s_3,40084,event_boomtheghost1_06_s,Narration,elegg_s,,Locale_MainScenario:event_boomtheghost1_06_s_3,False,,black,black,1.0,,,sfx_scn_tyrantcry,,7,idle,,5,idle,,3,surprise,,1,idle,,13,idle,,15,idle,,,
event_boomtheghost1_06_s_4,40084,event_boomtheghost1_06_s,Monologue,elegg_s,,Locale_MainScenario:event_boomtheghost1_06_s_4,False,,black,black,1.0,,,,,7,idle,,5,idle,,3,surprise,,1,idle,,13,idle,,15,idle,,,
event_boomtheghost1_06_s_5,40084,event_boomtheghost1_06_s,Monologue,elegg_s,,Locale_MainScenario:event_boomtheghost1_06_s_5,False,,black,black,1.0,,,,,7,idle,,5,idle,,3,surprise,,1,idle,,13,idle,,15,idle,,,
event_boomtheghost1_06_s_6,40084,event_boomtheghost1_06_s,Monologue,elegg_s,,Locale_MainScenario:event_boomtheghost1_06_s_6,False,,black,black,1.0,,,,,7,idle,,5,idle,,3,surprise,,1,idle,,13,idle,,15,idle,,,
event_boomtheghost1_06_s_7,40084,event_boomtheghost1_06_s,Speech,elegg_s,elegg_s,Locale_MainScenario:event_boomtheghost1_06_s_7,True,,S_70,S_700,0.5,,,,,7,idle,,5,idle,,3,surprise,,1,idle,,13,idle,,15,idle,,,
event_boomtheghost1_06_s_8,40084,event_boomtheghost1_06_s,Monologue,elegg_s,,Locale_MainScenario:event_boomtheghost1_06_s_8,False,,S_700,S_700,1.0,,,,,7,idle,,5,idle,,3,surprise,,1,idle,,13,idle,,15,idle,,,
event_boomtheghost1_06_s_9,40084,event_boomtheghost1_06_s,Speech,yan_s,yan_s,Locale_MainScenario:event_boomtheghost1_06_s_9,True,,S_700,S_500,1.0,,,,,7,idle,,5,idle,,3,surprise,,1,idle,,13,idle,,15,idle,,,
event_boomtheghost1_06_s_10,40084,event_boomtheghost1_06_s,Speech,tove_s,tove_s,Locale_MainScenario:event_boomtheghost1_06_s_10,True,,S_500,S_300,1.0,,,,,7,idle,,5,idle,,3,surprise,,1,idle,,13,idle,,15,idle,,,
event_boomtheghost1_06_s_11,40084,event_boomtheghost1_06_s,Speech,centi_s,centi_s,Locale_MainScenario:event_boomtheghost1_06_s_11,True,,S_300,L_100,1.0,,,,,7,idle,,5,idle,,3,surprise,,1,idle,,13,idle,,15,idle,,,
event_boomtheghost1_06_s_12,40084,event_boomtheghost1_06_s,Speech,frima_s,frima_s,Locale_MainScenario:event_boomtheghost1_06_s_12,False,,L_100,1300,1.0,,,,,7,idle,,5,idle,,3,surprise,,1,idle,,13,idle,,15,idle,,,
event_boomtheghost1_06_s_13,40084,event_boomtheghost1_06_s,Speech,pepper_s,pepper_s,Locale_MainScenario:event_boomtheghost1_06_s_13,True,,1300,XS_1500,1.0,,,,,7,idle,,5,idle,,3,idle,,1,idle,,13,idle,,15,surprise,,,
event_boomtheghost1_06_s_14,40084,event_boomtheghost1_06_s,Speech,yan_s,yan_s,Locale_MainScenario:event_boomtheghost1_06_s_14,True,,S_500,S_500,1.0,,,,,7,idle,,5,idle,,3,idle,,1,idle,,13,idle,,15,surprise,,,
event_boomtheghost1_06_s_15,40084,event_boomtheghost1_06_s,Speech,pepper_s,pepper_s,Locale_MainScenario:event_boomtheghost1_06_s_15,True,,XS_1500,XS_150,1.0,,,,,7,idle,,5,idle,,3,idle,,1,idle,,13,idle,,15,surprise,,,
event_boomtheghost1_06_s_16,40084,event_boomtheghost1_06_s,Speech,frima_s,frima_s,Locale_MainScenario:event_boomtheghost1_06_s_16,True,,XS_150,130,1.0,,,,,7,idle,,5,idle,,3,idle,,1,idle,,13,idle,,15,surprise,,,
event_boomtheghost1_06_s_17,40084,event_boomtheghost1_06_s,Speech,pepper_s,pepper_s,Locale_MainScenario:event_boomtheghost1_06_s_17,True,,130,1315,1.0,,,,,7,idle,,5,idle,,3,idle,,1,idle,,13,idle,,15,surprise,,,
event_boomtheghost1_06_s_18,40084,event_boomtheghost1_06_s,Speech,frima_s,frima_s,Locale_MainScenario:event_boomtheghost1_06_s_18,True,,1315,1315,1.0,,,,,7,idle,,5,idle,,3,idle,,1,idle,,13,idle,,15,surprise,,,
event_boomtheghost1_06_s_19,40084,event_boomtheghost1_06_s,Speech,pepper_s,pepper_s,Locale_MainScenario:event_boomtheghost1_06_s_19,True,,1315,1315,1.0,,,,,7,idle,,5,idle,,3,idle,,1,idle,,13,idle,,15,surprise,,,
event_boomtheghost1_06_s_20,40084,event_boomtheghost1_06_s,Speech,rapi_ss,rapi_ss,Locale_MainScenario:event_boomtheghost1_06_s_20,True,,170,1700,0.7,,,,,7,idle,,5,idle,,3,idle,,1,idle,,13,idle,,15,surprise,rapi_ss,17,angry
event_boomtheghost1_06_s_21,40084,event_boomtheghost1_06_s,Self,rapi_ss,,Locale_MainScenario:event_boomtheghost1_06_s_21,False,,1700,1700,1.0,,,,,7,idle,,5,idle,,3,idle,,1,idle,,13,idle,,15,surprise,,17,angry
event_boomtheghost1_06_s_22,40084,event_boomtheghost1_06_s,Speech,rapi_ss,rapi_ss,Locale_MainScenario:event_boomtheghost1_06_s_22,True,,1700,1700,1.0,,,,,7,idle,,5,idle,,3,idle,,1,idle,,13,idle,,15,surprise,,17,angry
event_boomtheghost1_06_s_23,40084,event_boomtheghost1_06_s,Self,rapi_ss,,Locale_MainScenario:event_boomtheghost1_06_s_23,False,,1700,1700,1.0,,,,,7,idle,,5,idle,,3,idle,,1,idle,,13,idle,,15,surprise,,17,angry
event_boomtheghost1_06_s_24,40084,event_boomtheghost1_06_s,Speech,rapi_ss,rapi_ss,Locale_MainScenario:event_boomtheghost1_06_s_24,True,,1700,1700,1.0,,,,,7,idle,,5,idle,,3,idle,,1,idle,,13,idle,,15,surprise,,17,angry
event_boomtheghost1_06_s_25,40084,event_boomtheghost1_06_s,Speech,rapi_ss,rapi_ss,Locale_MainScenario:event_boomtheghost1_06_s_25,True,,1700,170,1.0,,,,,7,idle,,5,idle,,3,idle,,1,idle,,13,idle,,15,surprise,,17,angry
event_boomtheghost1_06_s_26,40084,event_boomtheghost1_06_s,Self,rapi_ss,,Locale_MainScenario:event_boomtheghost1_06_s_26,False,,170,170,1.0,,,,,7,idle,,5,idle,,3,idle,,1,idle,,13,idle,,15,idle,,17,angry
event_boomtheghost1_06_s_27,40084,event_boomtheghost1_06_s,Speech,rapi_ss,rapi_ss,Locale_MainScenario:event_boomtheghost1_06_s_27,True,,170,170,1.0,,,,,7,idle,,5,idle,,3,idle,,1,idle,,13,idle,,15,idle,,17,worry
event_boomtheghost1_06_s_28,40084,event_boomtheghost1_06_s,Speech,centi_s,centi_s,Locale_MainScenario:event_boomtheghost1_06_s_28,True,,L_10,L_10,1.0,,,,,7,idle,,5,idle,,3,idle,,1,idle,,13,idle,,15,idle,,17,worry
event_boomtheghost1_06_s_29,40084,event_boomtheghost1_06_s,Speech,centi_s,centi_s,Locale_MainScenario:event_boomtheghost1_06_s_29,True,,L_10,L_10,1.0,,,,,7,idle,,5,idle,,3,idle,,1,idle,,13,idle,,15,idle,,17,worry
event_boomtheghost1_06_s_30,40084,event_boomtheghost1_06_s,Speech,tove_s,tove_s,Locale_MainScenario:event_boomtheghost1_06_s_30,True,,L_10,31,1.0,,,,,7,idle,,5,idle,,3,delight,,1,idle,,13,idle,,15,idle,,17,worry
event_boomtheghost1_06_s_31,40084,event_boomtheghost1_06_s,Speech,centi_s,centi_s,Locale_MainScenario:event_boomtheghost1_06_s_31,True,,31,31,1.0,,,,,7,idle,,5,idle,,3,delight,,1,delight,,13,idle,,15,idle,,17,worry
event_boomtheghost1_06_s_32,40084,event_boomtheghost1_06_s,Speech,rapi_ss,rapi_ss,Locale_MainScenario:event_boomtheghost1_06_s_32,False,,170,170,1.0,,,,,7,idle,,5,idle,,3,delight,,1,delight,,13,idle,,15,idle,,17,good
event_boomtheghost1_06_s_33,40084,event_boomtheghost1_06_s,Speech,rapi_ss,rapi_ss,Locale_MainScenario:event_boomtheghost1_06_s_33,True,,170,170,1.0,,,,,7,idle,,5,idle,,3,idle,,1,delight,,13,idle,,15,idle,,17,good
event_boomtheghost1_06_s_34,40084,event_boomtheghost1_06_s,Speech,elegg_s,elegg_s,Locale_MainScenario:event_boomtheghost1_06_s_34,True,,S_70,S_700,0.5,,,,,7,idle,,5,idle,,3,idle,,1,idle,,13,idle,,15,idle,,17,good
event_boomtheghost1_06_s_35,40084,event_boomtheghost1_06_s,Monologue,elegg_s,,Locale_MainScenario:event_boomtheghost1_06_s_35,False,,S_700,S_700,1.0,,,,,7,idle,,5,idle,,3,idle,,1,idle,,13,idle,,15,idle,,17,good
event_boomtheghost1_06_s_36,40084,event_boomtheghost1_06_s,Self,elegg_s,,Locale_MainScenario:event_boomtheghost1_06_s_36,False,,S_700,S_700,1.0,,,,,7,idle,,5,idle,,3,idle,,1,idle,,13,idle,,15,idle,,17,good
event_boomtheghost1_06_s_37,40084,event_boomtheghost1_06_s,Speech,frima_s,frima_s,Locale_MainScenario:event_boomtheghost1_06_s_37,False,,1300,1300,1.0,,,,,7,idle,,5,idle,,3,idle,,1,idle,,13,idle,,15,idle,,17,good
event_boomtheghost1_06_s_38,40084,event_boomtheghost1_06_s,Speech,elegg_s,elegg_s,Locale_MainScenario:event_boomtheghost1_06_s_38,True,,S_700,S_70,0.7,none,,,,7,no,,5,idle,,3,idle,,1,idle,,13,idle,,15,idle,,17,good
event_boomtheghost1_06_s_39,40084,event_boomtheghost1_06_s,Speech,elegg_s,elegg_s,Locale_MainScenario:event_boomtheghost1_06_s_39,True,,S_70,S_70,1.0,,,,,7,no,,5,idle,,3,idle,,1,idle,,13,idle,,15,idle,,17,good
event_boomtheghost1_06_s_40,40084,event_boomtheghost1_06_s,Speech,frima_s,frima_s,Locale_MainScenario:event_boomtheghost1_06_s_40,True,,130,130,1.0,,,,,7,no,,5,idle,,3,idle,,1,idle,,13,idle,,15,idle,,17,good
event_boomtheghost1_06_s_41,40084,event_boomtheghost1_06_s,Speech,frima_s,pepper_s,Locale_MainScenario:event_boomtheghost1_06_s_41,False,,130,130,1.0,,,,,7,no,,5,idle,,3,idle,,1,idle,,13,idle,,15,idle,,17,good
event_boomtheghost1_06_s_42,40084,event_boomtheghost1_06_s,Speech,frima_s,frima_s,Locale_MainScenario:event_boomtheghost1_06_s_42,True,,130,130,1.0,,,,,7,no,,5,idle,,3,idle,,1,idle,,13,idle,,15,idle,,17,good
event_boomtheghost1_06_s_43,40084,event_boomtheghost1_06_s,Speech,frima_s,frima_s,Locale_MainScenario:event_boomtheghost1_06_s_43,True,,130,130,1.0,bgm_story_spookaboo,,,,7,no,,5,idle,,3,idle,,1,idle,,13,idle,,15,idle,,17,good
event_boomtheghost1_06_s_44,40084,event_boomtheghost1_06_s,Speech,rapi_ss,rapi_ss,Locale_MainScenario:event_boomtheghost1_06_s_44,False,,130,130,1.0,,,,,7,no,,5,idle,,3,idle,,1,idle,,13,idle,,15,idle,,17,think
event_boomtheghost1_06_s_45,40084,event_boomtheghost1_06_s,Speech,frima_s,frima_s,Locale_MainScenario:event_boomtheghost1_06_s_45,True,,130,1300,1.0,,,,,7,no,,5,idle,,3,idle,,1,idle,,13,idle,,15,idle,,17,think
event_boomtheghost1_06_s_46,40084,event_boomtheghost1_06_s,Speech,rapi_ss,rapi_ss,Locale_MainScenario:event_boomtheghost1_06_s_46,True,,1700,1700,1.0,,,,,7,no,,5,idle,,3,idle,,1,idle,,13,idle,,15,idle,,17,think
event_boomtheghost1_06_s_47,40084,event_boomtheghost1_06_s,Speech,elegg_s,elegg_s,Locale_MainScenario:event_boomtheghost1_06_s_47,True,,S_70,S_700,0.5,,,,,7,no,,5,idle,,3,idle,,1,idle,,13,idle,,15,idle,,17,think
event_boomtheghost1_06_s_48,40084,event_boomtheghost1_06_s,Narration,elegg_s,,Locale_MainScenario:event_boomtheghost1_06_s_48,False,,black,black,1.0,,,sfx_scn_tyrantcry,,7,no,,5,idle,,3,idle,,1,idle,,13,idle,,15,idle,,17,think
event_boomtheghost1_06_s_49,40084,event_boomtheghost1_06_s,Speech,elegg_s,elegg_s,Locale_MainScenario:event_boomtheghost1_06_s_49,True,,S_700,S_70,0.7,,,,,7,no,,5,idle,,3,idle,,1,idle,,13,idle,,15,idle,,17,think
event_boomtheghost1_06_s_50,40084,event_boomtheghost1_06_s,Speech,elegg_s,elegg_s,Locale_MainScenario:event_boomtheghost1_06_s_50,True,,S_70,S_70,1.0,,,,,7,no,,5,idle,,3,idle,,1,idle,,13,idle,,15,idle,,17,think
event_boomtheghost1_06_s_51,40084,event_boomtheghost1_06_s,Speech,elegg_s,elegg_s,Locale_MainScenario:event_boomtheghost1_06_s_51,True,,S_70,S_70,1.0,,,,,7,no,,5,idle,,3,idle,,1,idle,,13,idle,,15,idle,,17,think
event_boomtheghost1_06_s_52,40084,event_boomtheghost1_06_s,Speech,elegg_s,elegg_s,Locale_MainScenario:event_boomtheghost1_06_s_52,True,,S_70,S_70,1.0,,,,,7,no,,5,idle,,3,idle,,1,idle,,13,idle,,15,idle,,17,think
event_boomtheghost1_06_s_53,40084,event_boomtheghost1_06_s,Speech,frima_s,frima_s,Locale_MainScenario:event_boomtheghost1_06_s_53,True,,130,130,1.0,,,,,7,no,,5,idle,,3,idle,,1,idle,,13,idle,,15,idle,,17,think
event_boomtheghost1_06_s_54,40084,event_boomtheghost1_06_s,Speech,rapi_ss,rapi_ss,Locale_MainScenario:event_boomtheghost1_06_s_54,False,,170,170,1.0,,,,,7,no,,5,idle,,3,idle,,1,idle,,13,idle,,15,idle,,17,worry
event_boomtheghost1_06_s_55,40084,event_boomtheghost1_06_s,Speech,frima_s,frima_s,Locale_MainScenario:event_boomtheghost1_06_s_55,True,,130,1300,1.0,,,,,7,no,,5,idle,,3,idle,,1,idle,,13,idle,,15,idle,,17,worry
event_boomtheghost1_06_s_56,40084,event_boomtheghost1_06_s,Monologue,frima_s,,Locale_MainScenario:event_boomtheghost1_06_s_56,False,,black,black,1.0,,,,,7,no,,5,idle,,3,idle,,1,idle,,13,idle,,15,idle,,17,worry
event_boomtheghost1_06_s_57,40084,event_boomtheghost1_06_s,Monologue,frima_s,,Locale_MainScenario:event_boomtheghost1_06_s_57,False,,black,black,1.0,,,,,7,no,,5,idle,,3,idle,,1,idle,,13,idle,,15,idle,,17,worry
event_boomtheghost1_06_s_58,40084,event_boomtheghost1_06_s,Speech,frima_s,frima_s,Locale_MainScenario:event_boomtheghost1_06_s_58,True,,1300,1300,1.0,,,,,7,no,,5,idle,,3,idle,,1,idle,,13,idle,,15,idle,,17,worry
event_boomtheghost1_06_s_59,40084,event_boomtheghost1_06_s,Speech,elegg_s,elegg_s,Locale_MainScenario:event_boomtheghost1_06_s_59,True,,S_700,S_700,1.0,,,,,7,no,,5,idle,,3,idle,,1,idle,,13,idle,,15,idle,,17,worry
event_boomtheghost1_06_s_60,40084,event_boomtheghost1_06_s,Self,elegg_s,,Locale_MainScenario:event_boomtheghost1_06_s_60,False,,S_700,S_700,1.0,,,,,7,no,,5,idle,,3,idle,,1,idle,,13,idle,,15,idle,,17,worry
event_boomtheghost1_06_s_61,40084,event_boomtheghost1_06_s,Speech,pepper_s,pepper_s,Locale_MainScenario:event_boomtheghost1_06_s_61,True,,XS_1500,XS_1500,1.0,,,,,7,no,,5,idle,,3,idle,,1,idle,,13,idle,,15,angry,,17,worry
event_boomtheghost1_06_s_62,40084,event_boomtheghost1_06_s,Speech,yan_s,yan_s,Locale_MainScenario:event_boomtheghost1_06_s_62,True,,S_500,S_500,1.0,,,,,7,no,,5,no,,3,idle,,1,idle,,13,idle,,15,angry,,17,worry
event_boomtheghost1_06_s_63,40084,event_boomtheghost1_06_s,Monologue,yan_s,,Locale_MainScenario:event_boomtheghost1_06_s_63,False,,black,black,1.0,,,,,7,no,,5,no,,3,idle,,1,idle,,13,idle,,15,angry,,17,worry
event_boomtheghost1_06_s_64,40084,event_boomtheghost1_06_s,Monologue,yan_s,,Locale_MainScenario:event_boomtheghost1_06_s_64,False,,black,black,1.0,,,,,7,no,,5,no,,3,idle,,1,idle,,13,idle,,15,angry,,17,worry
event_boomtheghost1_06_s_65,40084,event_boomtheghost1_06_s,Speech,centi_s,centi_s,Locale_MainScenario:event_boomtheghost1_06_s_65,True,,L_10,L_10,1.0,,,,,7,no,,5,no,,3,idle,,1,surprise,,13,idle,,15,angry,,17,worry
event_boomtheghost1_06_s_66,40084,event_boomtheghost1_06_s,Speech,tove_s,tove_s,Locale_MainScenario:event_boomtheghost1_06_s_66,False,,L_10,S_30,1.0,,,,,7,no,,5,idle,,3,special,,1,surprise,,13,idle,,15,angry,,17,worry
event_boomtheghost1_06_s_67,40084,event_boomtheghost1_06_s,Speech,tove_s,tove_s,Locale_MainScenario:event_boomtheghost1_06_s_67,True,,S_30,S_30,1.0,,,,,7,no,,5,idle,,3,special,,1,surprise,,13,idle,,15,angry,,17,worry
event_boomtheghost1_06_s_68,40084,event_boomtheghost1_06_s,Speech,pepper_s,pepper_s,Locale_MainScenario:event_boomtheghost1_06_s_68,False,,XS_150,XS_150,1.0,,,,,7,no,,5,idle,,3,special,,1,surprise,,13,idle,,15,angry,,17,worry
event_boomtheghost1_06_s_69,40084,event_boomtheghost1_06_s,Speech,tove_s,tove_s,Locale_MainScenario:event_boomtheghost1_06_s_69,True,,S_30,S_30,1.0,,,,,7,no,,5,idle,,3,special,,1,idle,,13,idle,,15,angry,,17,worry
event_boomtheghost1_06_s_70,40084,event_boomtheghost1_06_s,Speech,tove_s,tove_s,Locale_MainScenario:event_boomtheghost1_06_s_70,True,,S_30,S_30,1.0,,,,,7,no,,5,idle,,3,special,,1,idle,,13,idle,,15,angry,,17,worry
event_boomtheghost1_06_s_71,40084,event_boomtheghost1_06_s,Speech,pepper_s,pepper_s,Locale_MainScenario:event_boomtheghost1_06_s_71,True,,XS_150,XS_150,1.0,,,,,7,no,,5,idle,,3,special,,1,idle,,13,idle,,15,surprise,,17,worry
event_boomtheghost1_06_s_72,40084,event_boomtheghost1_06_s,Speech,tove_s,tove_s,Locale_MainScenario:event_boomtheghost1_06_s_72,True,,S_30,S_30,1.0,,,,,7,no,,5,idle,,3,special,,1,idle,,13,idle,,15,surprise,,17,worry
event_boomtheghost1_06_s_73,40084,event_boomtheghost1_06_s,Speech,tove_s,tove_s,Locale_MainScenario:event_boomtheghost1_06_s_73,True,,S_30,S_30,1.0,,,,,7,no,,5,idle,,3,special,,1,idle,,13,idle,,15,surprise,,17,worry
event_boomtheghost1_06_s_74,40084,event_boomtheghost1_06_s,Narration,tove_s,,Locale_MainScenario:event_boomtheghost1_06_s_74,False,,black,black,1.0,,,sfx_scn_heavyboxrolling,,7,no,,5,idle,,3,special,,1,idle,,13,idle,,15,surprise,,17,worry
event_boomtheghost1_06_s_75,40084,event_boomtheghost1_06_s,Monologue,tove_s,,Locale_MainScenario:event_boomtheghost1_06_s_75,False,,black,black,1.0,,,,,7,no,,5,idle,,3,special,,1,idle,,13,idle,,15,idle,,17,worry
event_boomtheghost1_06_s_76,40084,event_boomtheghost1_06_s,Speech,tove_s,tove_s,Locale_MainScenario:event_boomtheghost1_06_s_76,True,,S_30,S_300,1.0,,,,,7,no,,5,idle,,3,sad,,1,idle,,13,idle,,15,idle,,17,worry
event_boomtheghost1_06_s_77,40084,event_boomtheghost1_06_s,Speech,elegg_s,elegg_s,Locale_MainScenario:event_boomtheghost1_06_s_77,False,,S_700,S_700,1.0,,,,,7,no,,5,idle,,3,sad,,1,idle,,13,idle,,15,idle,,17,worry
event_boomtheghost1_06_s_78,40084,event_boomtheghost1_06_s,Speech,rapi_ss,rapi_ss,Locale_MainScenario:event_boomtheghost1_06_s_78,True,,1700,170,0.5,,,,,7,no,,5,idle,,3,sad,,1,idle,,13,idle,,15,idle,,17,angry
event_boomtheghost1_06_s_79,40084,event_boomtheghost1_06_s,Self,rapi_ss,,Locale_MainScenario:event_boomtheghost1_06_s_79,False,,170,170,1.0,,,,,7,no,,5,idle,,3,idle,,1,idle,,13,idle,,15,idle,,17,angry
event_boomtheghost1_06_s_80,40084,event_boomtheghost1_06_s,Speech,centi_s,centi_s,Locale_MainScenario:event_boomtheghost1_06_s_80,True,,L_10,L_100,0.5,,,,,7,no,,5,idle,,3,idle,,1,surprise,,13,idle,,15,idle,,17,angry
event_boomtheghost1_06_s_81,40084,event_boomtheghost1_06_s,Speech,centi_s,centi_s,Locale_MainScenario:event_boomtheghost1_06_s_81,True,,L_100,L_100,1.0,,,,,7,no,,5,idle,,3,idle,,1,surprise,,13,idle,,15,idle,,17,angry
event_boomtheghost1_06_s_82,40084,event_boomtheghost1_06_s,Speech,rapi_ss,rapi_ss,Locale_MainScenario:event_boomtheghost1_06_s_82,False,,1700,1700,1.0,,,,,7,no,,5,idle,,3,idle,,1,surprise,,13,idle,,15,idle,,17,worry
event_boomtheghost1_06_s_83,40084,event_boomtheghost1_06_s,Speech,elegg_s,elegg_s,Locale_MainScenario:event_boomtheghost1_06_s_83,True,,S_700,S_700,1.0,,,,,7,no,,5,idle,,3,idle,,1,surprise,,13,idle,,15,idle,,17,worry
event_boomtheghost1_06_s_84,40084,event_boomtheghost1_06_s,Speech,pepper_s,pepper_s,Locale_MainScenario:event_boomtheghost1_06_s_84,True,,XS_1500,XS_1500,1.0,,,,,7,no,,5,idle,,3,idle,,1,surprise,,13,idle,,15,surprise,,17,worry
event_boomtheghost1_06_s_85,40084,event_boomtheghost1_06_s,Speech,elegg_s,elegg_s,Locale_MainScenario:event_boomtheghost1_06_s_85,True,,S_700,S_70,0.5,,,,,7,no,,5,idle,,3,idle,,1,idle,,13,idle,,15,surprise,,17,worry
event_boomtheghost1_06_s_86,40084,event_boomtheghost1_06_s,Speech,tove_s,tove_s,Locale_MainScenario:event_boomtheghost1_06_s_86,True,,S_30,S_30,1.0,,,,,7,no,,5,idle,,3,special,,1,idle,,13,idle,,15,surprise,,17,worry
event_boomtheghost1_06_s_87,40084,event_boomtheghost1_06_s,Self,tove_s,,Locale_MainScenario:event_boomtheghost1_06_s_87,False,,S_30,S_30,1.0,,,,,7,no,,5,idle,,3,special,,1,idle,,13,idle,,15,surprise,,17,worry
